-- phpMyAdmin SQL Dump
-- version 3.3.9
-- http://www.phpmyadmin.net
--
-- Serveur: localhost
-- Généré le : Jeu 17 Octobre 2013 à 14:31
-- Version du serveur: 5.1.53
-- Version de PHP: 5.3.4

SET SQL_MODE="NO_AUTO_VALUE_ON_ZERO";


/*!40101 SET @OLD_CHARACTER_SET_CLIENT=@@CHARACTER_SET_CLIENT */;
/*!40101 SET @OLD_CHARACTER_SET_RESULTS=@@CHARACTER_SET_RESULTS */;
/*!40101 SET @OLD_COLLATION_CONNECTION=@@COLLATION_CONNECTION */;
/*!40101 SET NAMES utf8 */;

--
-- Base de données: `spaceumad`
--

-- --------------------------------------------------------

--
-- Structure de la table `hibernate_sequences`
--

CREATE TABLE IF NOT EXISTS `hibernate_sequences` (
  `sequence_name` varchar(255) DEFAULT NULL,
  `sequence_next_hi_value` int(11) DEFAULT NULL
) ENGINE=MyISAM DEFAULT CHARSET=latin1;

--
-- Contenu de la table `hibernate_sequences`
--

INSERT INTO `hibernate_sequences` (`sequence_name`, `sequence_next_hi_value`) VALUES
('spaceumad_item', 31);

-- --------------------------------------------------------

--
-- Structure de la table `spaceumad_ammomodel`
--

CREATE TABLE IF NOT EXISTS `spaceumad_ammomodel` (
  `mDamage` double NOT NULL,
  `mLifeTime` bigint(20) NOT NULL,
  `mProjectileColor` varchar(255) DEFAULT NULL,
  `mQuickening` float NOT NULL,
  `mSplashRadius` double NOT NULL,
  `mVelocity` float NOT NULL,
  `mIdItem` int(11) NOT NULL,
  `mIdAmmoType` int(11) DEFAULT NULL,
  `mProjectileScale` float NOT NULL,
  `mProjectileType` int(11) NOT NULL,
  `mSoundFire` varchar(255) DEFAULT NULL,
  PRIMARY KEY (`mIdItem`),
  KEY `FKD8345D1D6000BFBD` (`mIdItem`),
  KEY `FKD8345D1D9CCC5D9B` (`mIdAmmoType`)
) ENGINE=MyISAM DEFAULT CHARSET=latin1;

--
-- Contenu de la table `spaceumad_ammomodel`
--

INSERT INTO `spaceumad_ammomodel` (`mDamage`, `mLifeTime`, `mProjectileColor`, `mQuickening`, `mSplashRadius`, `mVelocity`, `mIdItem`, `mIdAmmoType`, `mProjectileScale`, `mProjectileType`, `mSoundFire`) VALUES
(5, 2, '#FFFFFF', 99999, 0, 2500, 1, 1, 1, 0, 'weapon_kinetic_1.wav'),
(8, 2, '#FFFFFF', 99999, 0, 2500, 2, 1, 1, 0, 'weapon_kinetic_1.wav'),
(5, 2, '#FFFFFF', 99999, 0, 2500, 3, 4, 1, 0, 'weapon_kinetic_1.wav'),
(12, 2, '#FFFFFF', 99999, 0, 2500, 4, 4, 1, 0, 'weapon_kinetic_1.wav'),
(5, 2, '#FFFFFF', 99999, 0, 2500, 5, 2, 1, 0, 'weapon_kinetic_1.wav'),
(13, 2, '#FFFFFF', 99999, 0, 2500, 6, 2, 1, 0, 'weapon_kinetic_1.wav'),
(8, 2, '#FFFFFF', 99999, 0, 2500, 18, 3, 1, 0, 'weapon_kinetic_1.wav'),
(12, 2, '#FFFFFF', 99999, 0, 2500, 19, 3, 1, 0, 'weapon_kinetic_1.wav'),
(10, 2, '#FFFFFF', 99999, 0, 2500, 20, 1, 1, 0, 'weapon_kinetic_1.wav'),
(16, 2, '#FFFFFF', 99999, 0, 2500, 21, 1, 1, 0, 'weapon_kinetic_1.wav'),
(10, 2, '#FFFFFF', 99999, 0, 2500, 22, 4, 1, 0, 'weapon_kinetic_1.wav'),
(24, 2, '#FFFFFF', 99999, 0, 2500, 23, 4, 1, 0, 'weapon_kinetic_1.wav'),
(10, 2, '#FFFFFF', 99999, 0, 2500, 24, 2, 1, 0, 'weapon_kinetic_1.wav'),
(24, 2, '#FFFFFF', 99999, 0, 2500, 25, 2, 1, 0, 'weapon_kinetic_1.wav'),
(16, 2, '#FFFFFF', 99999, 0, 2500, 26, 3, 1, 0, 'weapon_kinetic_1.wav'),
(24, 2, '#FFFFFF', 99999, 0, 2500, 27, 3, 1, 0, 'weapon_kinetic_1.wav'),
(20, 2, '#FFFFFF', 99999, 0, 2500, 32768, 1, 1, 0, 'weapon_kinetic_1.wav'),
(32, 2, '#FFFFFF', 99999, 0, 2500, 32769, 1, 1, 0, 'weapon_kinetic_1.wav'),
(20, 2, '#FFFFFF', 99999, 0, 2500, 32770, 4, 1, 0, 'weapon_kinetic_1.wav'),
(48, 2, '#FFFFFF', 99999, 0, 2500, 32771, 4, 1, 0, 'weapon_kinetic_1.wav'),
(20, 2, '#FFFFFF', 99999, 0, 2500, 32772, 2, 1, 0, 'weapon_kinetic_1.wav'),
(48, 2, '#FFFFFF', 99999, 0, 2500, 32773, 2, 1, 0, 'weapon_kinetic_1.wav'),
(32, 2, '#FFFFFF', 99999, 0, 2500, 32774, 3, 1, 0, 'weapon_kinetic_1.wav'),
(48, 2, '#FFFFFF', 99999, 0, 2500, 32775, 3, 1, 0, 'weapon_kinetic_1.wav'),
(40, 2, '#FFFFFF', 99999, 0, 2500, 32776, 1, 1, 0, 'weapon_kinetic_1.wav'),
(64, 2, '#FFFFFF', 99999, 0, 2500, 32777, 1, 1, 0, 'weapon_kinetic_1.wav'),
(40, 2, '#FFFFFF', 99999, 0, 2500, 32778, 4, 1, 0, 'weapon_kinetic_1.wav'),
(96, 2, '#FFFFFF', 99999, 0, 2500, 32779, 4, 1, 0, 'weapon_kinetic_1.wav'),
(40, 2, '#FFFFFF', 99999, 0, 2500, 32780, 2, 1, 0, 'weapon_kinetic_1.wav'),
(96, 2, '#FFFFFF', 99999, 0, 2500, 32781, 2, 1, 0, 'weapon_kinetic_1.wav'),
(64, 2, '#FFFFFF', 99999, 0, 2500, 32782, 3, 1, 0, 'weapon_kinetic_1.wav'),
(96, 2, '#FFFFFF', 99999, 0, 2500, 32783, 3, 1, 0, 'weapon_kinetic_1.wav'),
(10, 2, '#FFFFFF', 99999, 0, 1800, 32784, 1, 1, 1, 'weapon_kinetic_1.wav'),
(16, 2, '#FFFFFF', 99999, 0, 1800, 32785, 1, 1, 1, 'weapon_kinetic_1.wav'),
(10, 2, '#FFFFFF', 99999, 0, 1800, 32786, 4, 1, 1, 'weapon_kinetic_1.wav'),
(24, 2, '#FFFFFF', 99999, 0, 1800, 32787, 4, 1, 1, 'weapon_kinetic_1.wav'),
(10, 2, '#FFFFFF', 99999, 0, 1800, 32788, 2, 1, 1, 'weapon_kinetic_1.wav'),
(26, 2, '#FFFFFF', 99999, 0, 1800, 32789, 2, 1, 1, 'weapon_kinetic_1.wav'),
(16, 2, '#FFFFFF', 99999, 0, 1800, 32790, 3, 1, 1, 'weapon_kinetic_1.wav'),
(24, 2, '#FFFFFF', 99999, 0, 1800, 32791, 3, 1, 1, 'weapon_kinetic_1.wav'),
(20, 2, '#FFFFFF', 99999, 0, 1800, 32792, 1, 1, 1, 'weapon_kinetic_1.wav'),
(32, 2, '#FFFFFF', 99999, 0, 1800, 32793, 1, 1, 1, 'weapon_kinetic_1.wav'),
(20, 2, '#FFFFFF', 99999, 0, 1800, 32794, 4, 1, 1, 'weapon_kinetic_1.wav'),
(48, 2, '#FFFFFF', 99999, 0, 1800, 32795, 4, 1, 1, 'weapon_kinetic_1.wav'),
(20, 2, '#FFFFFF', 99999, 0, 1800, 32796, 2, 1, 1, 'weapon_kinetic_1.wav'),
(48, 2, '#FFFFFF', 99999, 0, 1800, 32797, 2, 1, 1, 'weapon_kinetic_1.wav'),
(32, 2, '#FFFFFF', 99999, 0, 1800, 32798, 3, 1, 1, 'weapon_kinetic_1.wav'),
(48, 2, '#FFFFFF', 99999, 0, 1800, 32799, 3, 1, 1, 'weapon_kinetic_1.wav'),
(40, 2, '#FFFFFF', 99999, 0, 1800, 32800, 1, 1, 1, 'weapon_kinetic_1.wav'),
(64, 2, '#FFFFFF', 99999, 0, 1800, 32801, 1, 1, 1, 'weapon_kinetic_1.wav'),
(40, 2, '#FFFFFF', 99999, 0, 1800, 32802, 4, 1, 1, 'weapon_kinetic_1.wav'),
(96, 2, '#FFFFFF', 99999, 0, 1800, 32803, 4, 1, 1, 'weapon_kinetic_1.wav'),
(40, 2, '#FFFFFF', 99999, 0, 1800, 32804, 2, 1, 1, 'weapon_kinetic_1.wav'),
(96, 2, '#FFFFFF', 99999, 0, 1800, 32805, 2, 1, 1, 'weapon_kinetic_1.wav'),
(64, 2, '#FFFFFF', 99999, 0, 1800, 32806, 3, 1, 1, 'weapon_kinetic_1.wav'),
(96, 2, '#FFFFFF', 99999, 0, 1800, 32807, 3, 1, 1, 'weapon_kinetic_1.wav'),
(80, 2, '#FFFFFF', 99999, 0, 1800, 32808, 1, 1, 1, 'weapon_kinetic_1.wav'),
(128, 2, '#FFFFFF', 99999, 0, 1800, 32809, 1, 1, 1, 'weapon_kinetic_1.wav'),
(80, 2, '#FFFFFF', 99999, 0, 1800, 32810, 4, 1, 1, 'weapon_kinetic_1.wav'),
(192, 2, '#FFFFFF', 99999, 0, 1800, 32811, 4, 1, 1, 'weapon_kinetic_1.wav'),
(80, 2, '#FFFFFF', 99999, 0, 1800, 32812, 2, 1, 1, 'weapon_kinetic_1.wav'),
(192, 2, '#FFFFFF', 99999, 0, 1800, 32813, 2, 1, 1, 'weapon_kinetic_1.wav'),
(128, 2, '#FFFFFF', 99999, 0, 1800, 32814, 3, 1, 1, 'weapon_kinetic_1.wav'),
(192, 2, '#FFFFFF', 99999, 0, 1800, 32815, 3, 1, 1, 'weapon_kinetic_1.wav'),
(96, 10, '#FFFFFF', 2500, 1, 1000, 32823, 2, 1, 4, 'weapon_kinetic_1.wav'),
(40, 10, '#FFFFFF', 2500, 1, 1000, 32822, 2, 1, 4, 'weapon_kinetic_1.wav'),
(96, 10, '#FFFFFF', 2500, 1, 1000, 32821, 1, 1, 4, 'weapon_kinetic_1.wav'),
(40, 10, '#FFFFFF', 2500, 1, 1000, 32820, 1, 1, 4, 'weapon_kinetic_1.wav'),
(40, 10, '#FFFFFF', 2500, 1, 1000, 32824, 3, 1, 4, 'weapon_kinetic_1.wav'),
(96, 10, '#FFFFFF', 2500, 1, 1000, 32825, 3, 1, 4, 'weapon_kinetic_1.wav'),
(40, 10, '#FFFFFF', 2500, 1, 1000, 32826, 4, 1, 4, 'weapon_kinetic_1.wav'),
(96, 10, '#FFFFFF', 2500, 1, 1000, 32827, 4, 1, 4, 'weapon_kinetic_1.wav'),
(80, 10, '#FFFFFF', 2500, 1, 1000, 32828, 1, 1, 4, 'weapon_kinetic_1.wav'),
(184, 10, '#FFFFFF', 2500, 1, 1000, 32829, 1, 1, 4, 'weapon_kinetic_1.wav'),
(80, 10, '#FFFFFF', 2500, 1, 1000, 32830, 2, 1, 4, 'weapon_kinetic_1.wav'),
(184, 10, '#FFFFFF', 2500, 1, 1000, 32831, 2, 1, 4, 'weapon_kinetic_1.wav'),
(80, 10, '#FFFFFF', 2500, 1, 1000, 32832, 3, 1, 4, 'weapon_kinetic_1.wav'),
(184, 10, '#FFFFFF', 2500, 1, 1000, 32833, 3, 1, 4, 'weapon_kinetic_1.wav'),
(80, 10, '#FFFFFF', 2500, 1, 1000, 32834, 4, 1, 4, 'weapon_kinetic_1.wav'),
(184, 10, '#FFFFFF', 2500, 1, 1000, 32835, 4, 1, 4, 'weapon_kinetic_1.wav'),
(160, 10, '#FFFFFF', 2500, 1, 1000, 32836, 1, 1, 4, 'weapon_kinetic_1.wav'),
(368, 10, '#FFFFFF', 2500, 1, 1000, 32837, 1, 1, 4, 'weapon_kinetic_1.wav'),
(160, 10, '#FFFFFF', 2500, 1, 1000, 32838, 2, 1, 4, 'weapon_kinetic_1.wav'),
(368, 10, '#FFFFFF', 2500, 1, 1000, 32839, 2, 1, 4, 'weapon_kinetic_1.wav'),
(160, 10, '#FFFFFF', 2500, 1, 1000, 32840, 3, 1, 4, 'weapon_kinetic_1.wav'),
(368, 10, '#FFFFFF', 2500, 1, 1000, 32841, 3, 1, 4, 'weapon_kinetic_1.wav'),
(160, 10, '#FFFFFF', 2500, 1, 1000, 32842, 4, 1, 4, 'weapon_kinetic_1.wav'),
(368, 10, '#FFFFFF', 2500, 1, 1000, 32843, 4, 1, 4, 'weapon_kinetic_1.wav'),
(320, 10, '#FFFFFF', 2500, 1, 1000, 32844, 1, 1, 4, 'weapon_kinetic_1.wav'),
(736, 10, '#FFFFFF', 2500, 1, 1000, 32845, 1, 1, 4, 'weapon_kinetic_1.wav'),
(320, 10, '#FFFFFF', 2500, 1, 1000, 32846, 2, 1, 4, 'weapon_kinetic_1.wav'),
(736, 10, '#FFFFFF', 2500, 1, 1000, 32847, 2, 1, 4, 'weapon_kinetic_1.wav'),
(320, 10, '#FFFFFF', 2500, 1, 1000, 32848, 3, 1, 4, 'weapon_kinetic_1.wav'),
(736, 10, '#FFFFFF', 2500, 1, 1000, 32849, 3, 1, 4, 'weapon_kinetic_1.wav'),
(320, 10, '#FFFFFF', 2500, 1, 1000, 32850, 4, 1, 4, 'weapon_kinetic_1.wav'),
(736, 10, '#FFFFFF', 2500, 1, 1000, 32851, 4, 1, 4, 'weapon_kinetic_1.wav');

-- --------------------------------------------------------

--
-- Structure de la table `spaceumad_ammotype`
--

CREATE TABLE IF NOT EXISTS `spaceumad_ammotype` (
  `mIdAmmoType` int(11) NOT NULL AUTO_INCREMENT,
  `mColor` varchar(255) DEFAULT NULL,
  `mDamageBonus` varchar(255) DEFAULT NULL,
  `mDamageMalus` varchar(255) DEFAULT NULL,
  `mDescription` varchar(255) DEFAULT NULL,
  `mName` varchar(255) DEFAULT NULL,
  PRIMARY KEY (`mIdAmmoType`)
) ENGINE=MyISAM  DEFAULT CHARSET=latin1 AUTO_INCREMENT=5 ;

--
-- Contenu de la table `spaceumad_ammotype`
--

INSERT INTO `spaceumad_ammotype` (`mIdAmmoType`, `mColor`, `mDamageBonus`, `mDamageMalus`, `mDescription`, `mName`) VALUES
(1, '#7A5844', '0;0;0', '0;0;0', 'ammoTypeNormalDescription', 'ammoTypeNormalName'),
(2, '#68A2FF', '10;0;0', '0;5;5', 'ammoTypeAntiShieldDescription', 'ammoTypeAntiShieldName'),
(3, '#7BCC53', '0;10;0', '5;0;5', 'ammoTypeAntiArmorDescription', 'ammoTypeAntiArmorName'),
(4, '#FF8C3F', '0;0;10', '5;5;0', 'ammoTypeAntiStructureDescription', 'ammoTypeAntiStructureName');

-- --------------------------------------------------------

--
-- Structure de la table `spaceumad_character`
--

CREATE TABLE IF NOT EXISTS `spaceumad_character` (
  `mIdCharacter` int(11) NOT NULL AUTO_INCREMENT,
  `mAlive` bit(1) NOT NULL,
  `mAvatarId` varchar(255) DEFAULT NULL,
  `mDateCreation` datetime DEFAULT NULL,
  `mExperience` int(11) NOT NULL,
  `mLevel` int(11) NOT NULL,
  `mName` varchar(255) DEFAULT NULL,
  `mSkillPoints` int(11) NOT NULL,
  `mTimePlayed` bigint(20) NOT NULL,
  `mIdJob` int(11) DEFAULT NULL,
  `mIdRace` int(11) DEFAULT NULL,
  `mIdUser` int(11) DEFAULT NULL,
  `mCredit` double NOT NULL,
  `mHangarSpace` int(11) NOT NULL,
  PRIMARY KEY (`mIdCharacter`),
  KEY `FK82FCCB2BF8A36B6B` (`mIdUser`),
  KEY `FK82FCCB2B38E9801E` (`mIdRace`),
  KEY `FK82FCCB2BA6FF0D7E` (`mIdJob`)
) ENGINE=MyISAM  DEFAULT CHARSET=latin1 AUTO_INCREMENT=36 ;

--
-- Contenu de la table `spaceumad_character`
--

INSERT INTO `spaceumad_character` (`mIdCharacter`, `mAlive`, `mAvatarId`, `mDateCreation`, `mExperience`, `mLevel`, `mName`, `mSkillPoints`, `mTimePlayed`, `mIdJob`, `mIdRace`, `mIdUser`, `mCredit`, `mHangarSpace`) VALUES
(1, b'1', '0-0', '1970-01-01 01:00:00', 10950, 20, 'Robert', 90, 125320, 1, 1, 1, 991946782934.511, 12),
(8, b'1', '6-0', '1970-01-01 01:00:00', 900, 0, 'Test', 0, 240, 4, 1, 1, 386, 5),
(7, b'1', '5-0', '1970-01-01 01:00:00', 1700, 1, 'Cha', 5, 350, 4, 1, 1, 559, 5),
(6, b'1', '0-0', '1970-01-01 01:00:00', 100, 1, 'Jacob', 5, 0, 2, 1, 1, 0, 5),
(9, b'1', '0-1', '1970-01-01 01:00:00', 0, 0, 'HeyDitLa', 0, 0, 3, 2, 1, 0, 5),
(10, b'1', '0-1', '1970-01-01 01:00:00', 0, 0, 'Test 2', 0, 0, 1, 2, 1, 0, 5),
(11, b'1', '0-1', '1970-01-01 01:00:00', 0, 0, 'Test 3', 0, 0, 1, 2, 1, 0, 5),
(12, b'1', '0-1', '1970-01-01 01:00:00', 100, 1, 'Test 4', 5, 30, 1, 2, 1, 0, 5),
(13, b'1', '0-1', '1970-01-01 01:00:00', 0, 0, 'Test 10', 0, 0, 1, 2, 1, 0, 5),
(14, b'1', '0-0', '1970-01-01 01:00:00', 0, 0, 'azerty', 0, 0, 1, 1, 1, 0, 5),
(16, b'1', '0-0', '1970-01-01 01:00:00', 0, 0, 'test add skill', 0, 0, 1, 1, 1, 0, 5),
(18, b'1', '0-1', '1970-01-01 01:00:00', 100, 1, 'Foufou', 5, 0, 2, 2, 2, 17, 0),
(23, b'1', '7-0', '1970-01-01 01:00:00', 0, 0, 'Bouyette', 0, 30, 3, 1, 1, 5000, 5),
(24, b'1', '9-0', '1970-01-01 01:00:00', 250, 0, 'Bouyaki', 0, 140, 1, 1, 1, 5000, 5),
(25, b'1', '3-0', '2013-10-03 18:01:08', 0, 0, 'azjklndsfq', 0, 0, 1, 1, 1, 5000, 5),
(26, b'1', '2-1', '2013-10-03 18:05:42', 0, 0, 'kaki', 0, 0, 4, 2, 1, 5000, 5),
(27, b'1', '2-1', '1970-01-01 01:00:00', 100, 0, 'kakisdf', 0, 50, 4, 2, 1, 5129, 5),
(28, b'1', '2-1', '2013-10-03 18:06:10', 0, 0, 'kakisdf', 0, 0, 4, 2, 1, 5000, 5),
(29, b'1', '0-0', '1970-01-01 01:00:00', 0, 0, 'caca', 0, 40, 4, 1, 1, 5000, 5),
(30, b'1', '6-0', '1970-01-01 01:00:00', 50, 0, 'MakakiStudio', 0, 130, 4, 1, 1, 4675.43859863281, 5),
(31, b'1', '4-0', '1970-01-01 01:00:00', 300, 0, 'Plopiplop', 0, 410, 2, 1, 1, 4646.34146118164, 5),
(32, b'1', '1-0', '1970-01-01 01:00:00', 0, 0, 'cramouk', 0, 100, 1, 1, 1, 4726.92306518555, 5),
(33, b'1', '0-0', '1970-01-01 01:00:00', 0, 0, 'zoulouweapon', 0, 40, 1, 1, 1, 617.28369140625, 5),
(34, b'1', '4-0', '1970-01-01 01:00:00', 0, 0, 'Le bouyou', 0, 90, 1, 1, 1, 5000, 5),
(35, b'1', '0-1', '1970-01-01 01:00:00', 0, 0, 'jfh', 0, 270, 3, 2, 1, 5000, 5);

-- --------------------------------------------------------

--
-- Structure de la table `spaceumad_characterbank`
--

CREATE TABLE IF NOT EXISTS `spaceumad_characterbank` (
  `mIdCharacterBank` int(11) NOT NULL AUTO_INCREMENT,
  `mNumber` int(11) NOT NULL,
  `mUnlock` bit(1) NOT NULL,
  `mIdCharacter` int(11) DEFAULT NULL,
  PRIMARY KEY (`mIdCharacterBank`),
  KEY `FKD42B43E74253B956` (`mIdCharacter`)
) ENGINE=MyISAM  DEFAULT CHARSET=latin1 AUTO_INCREMENT=87 ;

--
-- Contenu de la table `spaceumad_characterbank`
--

INSERT INTO `spaceumad_characterbank` (`mIdCharacterBank`, `mNumber`, `mUnlock`, `mIdCharacter`) VALUES
(1, 1, b'1', 1),
(2, 2, b'1', 1),
(3, 3, b'1', 1),
(4, 4, b'1', 1),
(5, 5, b'1', 1),
(12, 1, b'1', NULL),
(7, 1, b'1', 19),
(8, 2, b'0', 19),
(9, 3, b'0', 19),
(10, 4, b'0', 19),
(11, 5, b'0', 19),
(13, 2, b'0', NULL),
(14, 3, b'0', NULL),
(15, 4, b'0', NULL),
(16, 5, b'0', NULL),
(17, 1, b'1', NULL),
(18, 2, b'0', NULL),
(19, 3, b'0', NULL),
(20, 4, b'0', NULL),
(21, 5, b'0', NULL),
(22, 1, b'1', 23),
(23, 2, b'0', 23),
(24, 3, b'0', 23),
(25, 4, b'0', 23),
(26, 5, b'0', 23),
(27, 1, b'1', 24),
(28, 2, b'0', 24),
(29, 3, b'0', 24),
(30, 4, b'0', 24),
(31, 5, b'0', 24),
(32, 1, b'1', 25),
(33, 2, b'0', 25),
(34, 3, b'0', 25),
(35, 4, b'0', 25),
(36, 5, b'0', 25),
(37, 1, b'1', 26),
(38, 2, b'0', 26),
(39, 3, b'0', 26),
(40, 4, b'0', 26),
(41, 5, b'0', 26),
(42, 1, b'1', 27),
(43, 2, b'0', 27),
(44, 3, b'0', 27),
(45, 4, b'0', 27),
(46, 5, b'0', 27),
(47, 1, b'1', 28),
(48, 2, b'0', 28),
(49, 3, b'0', 28),
(50, 4, b'0', 28),
(51, 5, b'0', 28),
(52, 1, b'1', 29),
(53, 2, b'0', 29),
(54, 3, b'0', 29),
(55, 4, b'0', 29),
(56, 5, b'0', 29),
(57, 1, b'1', 30),
(58, 2, b'0', 30),
(59, 3, b'0', 30),
(60, 4, b'0', 30),
(61, 5, b'0', 30),
(62, 1, b'1', 31),
(63, 2, b'0', 31),
(64, 3, b'0', 31),
(65, 4, b'0', 31),
(66, 5, b'0', 31),
(67, 1, b'1', 32),
(68, 2, b'0', 32),
(69, 3, b'0', 32),
(70, 4, b'0', 32),
(71, 5, b'0', 32),
(72, 1, b'1', 33),
(73, 2, b'0', 33),
(74, 3, b'0', 33),
(75, 4, b'0', 33),
(76, 5, b'0', 33),
(77, 1, b'1', 34),
(78, 2, b'0', 34),
(79, 3, b'0', 34),
(80, 4, b'0', 34),
(81, 5, b'0', 34),
(82, 1, b'1', 35),
(83, 2, b'0', 35),
(84, 3, b'0', 35),
(85, 4, b'0', 35),
(86, 5, b'0', 35);

-- --------------------------------------------------------

--
-- Structure de la table `spaceumad_characterbankitemstack`
--

CREATE TABLE IF NOT EXISTS `spaceumad_characterbankitemstack` (
  `mIdCharacterBankItemStack` int(11) NOT NULL AUTO_INCREMENT,
  `mPosition` int(11) NOT NULL,
  `mIdCharacterBank` int(11) DEFAULT NULL,
  `mIdItemStack` int(11) DEFAULT NULL,
  PRIMARY KEY (`mIdCharacterBankItemStack`),
  KEY `FKD48F6B4E14D89EEE` (`mIdCharacterBank`),
  KEY `FKD48F6B4EDB752353` (`mIdItemStack`)
) ENGINE=MyISAM  DEFAULT CHARSET=latin1 AUTO_INCREMENT=276 ;

--
-- Contenu de la table `spaceumad_characterbankitemstack`
--

INSERT INTO `spaceumad_characterbankitemstack` (`mIdCharacterBankItemStack`, `mPosition`, `mIdCharacterBank`, `mIdItemStack`) VALUES
(1, 0, 1, 530),
(2, 35, 1, NULL),
(3, 7, 3, NULL),
(4, 27, 3, 732),
(5, 0, 3, NULL),
(6, 1, 3, NULL),
(7, 2, 3, NULL),
(8, 3, 3, 29),
(9, 4, 3, NULL),
(10, 5, 3, NULL),
(11, 6, 3, NULL),
(12, 8, 3, 715),
(13, 9, 3, 716),
(14, 24, 3, 729),
(15, 25, 3, 730),
(16, 26, 3, 731),
(17, 0, 7, 125),
(18, 8, 7, NULL),
(19, 7, 2, 693),
(20, 63, 3, NULL),
(21, 15, 3, 103),
(22, 14, 3, 31),
(24, 35, 3, 740),
(25, 11, 2, 697),
(26, 29, 2, 707),
(27, 54, 3, NULL),
(28, 51, 1, NULL),
(29, 46, 2, NULL),
(30, 61, 3, NULL),
(31, 58, 3, NULL),
(32, 15, 7, 124),
(33, 21, 7, 140),
(34, 42, 7, 137),
(35, 54, 7, 138),
(36, 38, 7, 139),
(37, 18, 2, NULL),
(38, 50, 2, NULL),
(39, 23, 2, 701),
(40, 39, 1, NULL),
(41, 49, 1, NULL),
(42, 56, 1, NULL),
(43, 57, 1, NULL),
(44, 56, 2, NULL),
(45, 57, 2, NULL),
(46, 58, 2, NULL),
(47, 56, 3, NULL),
(48, 48, 3, 753),
(49, 23, 3, 728),
(50, 22, 3, 727),
(51, 21, 3, 726),
(52, 40, 3, 745),
(53, 20, 3, 725),
(54, 58, 1, NULL),
(55, 59, 2, NULL),
(56, 29, 3, 734),
(57, 37, 3, 742),
(58, 45, 3, 750),
(59, 30, 3, 735),
(60, 38, 3, 705),
(61, 28, 3, 733),
(62, 52, 3, NULL),
(63, 19, 2, NULL),
(64, 16, 1, NULL),
(65, 38, 2, NULL),
(66, 22, 2, 700),
(67, 26, 1, NULL),
(68, 8, 1, NULL),
(69, 15, 2, NULL),
(70, 6, 2, NULL),
(71, 5, 2, NULL),
(72, 4, 2, NULL),
(73, 1, 1, 640),
(74, 2, 1, NULL),
(75, 3, 1, 492),
(76, 4, 1, NULL),
(77, 5, 1, NULL),
(78, 6, 1, NULL),
(79, 7, 1, 381),
(80, 9, 1, NULL),
(81, 10, 1, NULL),
(82, 11, 1, NULL),
(83, 12, 1, NULL),
(84, 13, 1, NULL),
(85, 14, 1, NULL),
(86, 15, 1, NULL),
(87, 17, 1, NULL),
(88, 19, 1, NULL),
(89, 18, 1, NULL),
(90, 20, 1, NULL),
(91, 21, 1, NULL),
(92, 22, 1, NULL),
(93, 23, 1, NULL),
(94, 24, 1, NULL),
(95, 25, 1, NULL),
(96, 27, 1, NULL),
(97, 28, 1, NULL),
(98, 29, 1, NULL),
(99, 30, 1, NULL),
(100, 31, 1, NULL),
(101, 32, 1, NULL),
(102, 33, 1, NULL),
(103, 34, 1, NULL),
(104, 36, 1, NULL),
(105, 37, 1, 860),
(106, 38, 1, NULL),
(107, 40, 1, NULL),
(108, 42, 1, NULL),
(109, 41, 1, NULL),
(110, 43, 1, NULL),
(111, 44, 1, NULL),
(112, 45, 1, NULL),
(113, 46, 1, 950),
(114, 47, 1, NULL),
(115, 48, 1, NULL),
(116, 50, 1, NULL),
(117, 52, 1, NULL),
(118, 53, 1, NULL),
(119, 54, 1, NULL),
(120, 55, 1, NULL),
(121, 59, 1, NULL),
(122, 60, 1, 896),
(123, 61, 1, 792),
(124, 62, 1, 832),
(125, 63, 1, 781),
(126, 0, 2, 696),
(127, 1, 2, 691),
(128, 2, 2, 692),
(129, 3, 2, NULL),
(130, 8, 2, 694),
(131, 9, 2, 695),
(132, 10, 2, NULL),
(133, 12, 2, 743),
(134, 13, 2, 698),
(135, 14, 2, NULL),
(136, 16, 2, 702),
(137, 17, 2, 703),
(138, 20, 2, NULL),
(139, 21, 2, 699),
(140, 24, 2, 710),
(141, 25, 2, 711),
(142, 26, 2, 712),
(143, 27, 2, NULL),
(144, 28, 2, 713),
(145, 30, 2, 708),
(146, 31, 2, 709),
(147, 32, 2, NULL),
(148, 33, 2, NULL),
(149, 34, 2, 869),
(150, 36, 2, 714),
(151, 35, 2, 871),
(152, 37, 2, NULL),
(153, 39, 2, NULL),
(154, 40, 2, NULL),
(155, 41, 2, NULL),
(156, 42, 2, NULL),
(157, 43, 2, 940),
(158, 44, 2, NULL),
(159, 45, 2, NULL),
(160, 47, 2, NULL),
(161, 48, 2, NULL),
(162, 49, 2, NULL),
(163, 52, 2, NULL),
(164, 51, 2, NULL),
(165, 53, 2, NULL),
(166, 54, 2, NULL),
(167, 55, 2, NULL),
(168, 60, 2, NULL),
(169, 61, 2, NULL),
(170, 62, 2, NULL),
(171, 63, 2, 645),
(172, 10, 3, 717),
(173, 11, 3, 718),
(174, 12, 3, 341),
(175, 13, 3, 720),
(176, 16, 3, 721),
(177, 18, 3, 723),
(178, 17, 3, 722),
(179, 19, 3, 724),
(180, 31, 3, 736),
(181, 32, 3, 737),
(182, 33, 3, 738),
(183, 34, 3, 739),
(184, 36, 3, 880),
(185, 39, 3, 744),
(186, 47, 3, 752),
(187, 46, 3, 751),
(188, 44, 3, 749),
(189, 43, 3, 748),
(190, 42, 3, 747),
(191, 41, 3, 746),
(192, 49, 3, NULL),
(193, 50, 3, NULL),
(194, 51, 3, NULL),
(195, 53, 3, NULL),
(196, 55, 3, NULL),
(197, 62, 3, NULL),
(198, 60, 3, NULL),
(199, 59, 3, NULL),
(200, 57, 3, NULL),
(201, 0, 4, NULL),
(202, 1, 4, NULL),
(203, 8, 4, 173),
(204, 46, 4, 872),
(205, 2, 4, 175),
(206, 3, 4, NULL),
(207, 4, 4, NULL),
(208, 5, 4, 813),
(209, 6, 4, 814),
(210, 56, 4, 757),
(211, 57, 4, 885),
(212, 7, 4, 815),
(213, 9, 4, NULL),
(214, 10, 4, 817),
(215, 11, 4, NULL),
(216, 12, 4, 818),
(217, 13, 4, NULL),
(218, 16, 4, NULL),
(219, 17, 4, NULL),
(220, 18, 4, NULL),
(221, 19, 4, NULL),
(222, 24, 4, 932),
(223, 25, 4, 177),
(224, 32, 4, NULL),
(225, 33, 4, NULL),
(226, 23, 4, 780),
(227, 63, 4, NULL),
(228, 40, 4, 876),
(229, 62, 4, 884),
(230, 61, 4, NULL),
(231, 55, 4, NULL),
(232, 54, 4, NULL),
(233, 53, 4, 875),
(234, 47, 4, NULL),
(235, 45, 4, 878),
(236, 14, 4, 783),
(237, 15, 4, 90),
(238, 22, 4, 786),
(239, 21, 4, 782),
(240, 20, 4, NULL),
(241, 28, 4, 779),
(242, 29, 4, NULL),
(243, 62, 5, NULL),
(244, 26, 4, 825),
(245, 27, 4, 827),
(246, 30, 4, 829),
(247, 31, 4, 830),
(248, 39, 4, NULL),
(249, 38, 4, NULL),
(250, 37, 4, NULL),
(251, 43, 4, 865),
(252, 36, 4, NULL),
(253, 34, 4, NULL),
(254, 35, 4, NULL),
(255, 44, 4, 855),
(256, 42, 4, NULL),
(257, 41, 4, NULL),
(258, 1, 5, 858),
(259, 2, 5, 93),
(260, 4, 5, NULL),
(261, 49, 4, 741),
(262, 52, 4, 877),
(263, 51, 4, 881),
(264, 50, 4, 52),
(265, 59, 4, 882),
(266, 60, 4, NULL),
(267, 0, 67, NULL),
(268, 0, 62, NULL),
(269, 22, 5, 859),
(270, 10, 5, NULL),
(271, 11, 5, NULL),
(272, 3, 5, 793),
(273, 15, 5, NULL),
(274, 53, 5, NULL),
(275, 48, 4, 641);

-- --------------------------------------------------------

--
-- Structure de la table `spaceumad_charactership`
--

CREATE TABLE IF NOT EXISTS `spaceumad_charactership` (
  `mIdCharacterShip` int(11) NOT NULL AUTO_INCREMENT,
  `mExperience` int(11) NOT NULL,
  `mLevel` int(11) NOT NULL,
  `mPiloted` bit(1) NOT NULL,
  `mIdCharacter` int(11) DEFAULT NULL,
  `mIdShipModel` int(11) DEFAULT NULL,
  `mName` varchar(255) DEFAULT NULL,
  `mSkillPoints` int(11) NOT NULL,
  PRIMARY KEY (`mIdCharacterShip`),
  KEY `FKD43317E73B341E8F` (`mIdShipModel`),
  KEY `FKD43317E74253B956` (`mIdCharacter`)
) ENGINE=MyISAM  DEFAULT CHARSET=latin1 AUTO_INCREMENT=34 ;

--
-- Contenu de la table `spaceumad_charactership`
--

INSERT INTO `spaceumad_charactership` (`mIdCharacterShip`, `mExperience`, `mLevel`, `mPiloted`, `mIdCharacter`, `mIdShipModel`, `mName`, `mSkillPoints`) VALUES
(1, 3771, 3, b'1', 1, 9, 'My Ship', 3),
(8, 0, 0, b'1', 8, 7, 'My Ship', 0),
(7, 200, 0, b'1', 7, 7, 'My Ship', 0),
(6, 0, 0, b'1', 6, 9, 'My Ship', 0),
(9, 0, 0, b'1', 9, 7, 'My Ship', 0),
(10, 0, 0, b'1', 10, 7, 'My Ship', 0),
(11, 0, 0, b'1', 11, 7, 'My Ship', 0),
(12, 0, 0, b'1', 12, 7, 'My Ship', 0),
(13, 0, 0, b'1', 13, 7, 'My Ship', 0),
(14, 0, 0, b'1', 14, 7, 'My Ship', 0),
(15, 0, 0, b'1', 15, 7, 'My Ship', 0),
(16, 0, 0, b'1', 16, 7, 'My Ship', 0),
(17, 0, 0, b'1', 17, 7, 'My Ship', 0),
(18, 0, 0, b'1', 18, 7, 'My Ship', 0),
(20, 0, 0, b'1', NULL, 7, 'My ship', 0),
(21, 0, 0, b'1', 23, 7, 'My ship', 0),
(22, 250, 0, b'1', 24, 7, 'My ship', 0),
(23, 0, 0, b'1', 25, 7, 'My ship', 0),
(24, 0, 0, b'1', 26, 7, 'My ship', 0),
(25, 100, 0, b'1', 27, 7, 'My ship', 0),
(26, 0, 0, b'1', 28, 7, 'My ship', 0),
(27, 0, 0, b'1', 29, 7, 'My ship', 0),
(28, 50, 0, b'1', 30, 7, 'My ship', 0),
(29, 300, 0, b'1', 31, 7, 'My ship', 0),
(30, 0, 0, b'1', 32, 7, 'My ship', 0),
(31, 0, 0, b'1', 33, 7, 'My ship', 0),
(32, 0, 0, b'1', 34, 7, 'My ship', 0),
(33, 0, 0, b'1', 35, 7, 'My ship', 0);

-- --------------------------------------------------------

--
-- Structure de la table `spaceumad_charactershipitemstack`
--

CREATE TABLE IF NOT EXISTS `spaceumad_charactershipitemstack` (
  `mIdCharacterShipItemStack` int(11) NOT NULL AUTO_INCREMENT,
  `mPosition` int(11) NOT NULL,
  `mIdCharacterShip` int(11) DEFAULT NULL,
  `mIdItemStack` int(11) DEFAULT NULL,
  PRIMARY KEY (`mIdCharacterShipItemStack`),
  KEY `FKBE16174E6522F53F` (`mIdCharacterShip`),
  KEY `FKBE16174EDB752353` (`mIdItemStack`)
) ENGINE=MyISAM  DEFAULT CHARSET=latin1 AUTO_INCREMENT=209 ;

--
-- Contenu de la table `spaceumad_charactershipitemstack`
--

INSERT INTO `spaceumad_charactershipitemstack` (`mIdCharacterShipItemStack`, `mPosition`, `mIdCharacterShip`, `mIdItemStack`) VALUES
(1, 0, 1, 897),
(2, 5, 1, 972),
(3, 1, 1, 1059),
(4, 2, 1, 503),
(162, 25, 1, 111),
(161, 28, 1, NULL),
(160, 33, 7, 97),
(159, 27, 1, NULL),
(158, 34, 1, NULL),
(157, 21, 1, NULL),
(156, 22, 1, NULL),
(155, 23, 1, 1088),
(154, 14, 1, NULL),
(153, 6, 1, 962),
(152, 16, 1, NULL),
(151, 24, 1, NULL),
(150, 4, 1, 1085),
(149, 3, 1, 906),
(148, 15, 1, NULL),
(147, 20, 1, NULL),
(146, 19, 1, NULL),
(145, 18, 1, NULL),
(144, 12, 1, 976),
(143, 17, 1, NULL),
(142, 11, 1, 975),
(141, 10, 1, NULL),
(140, 9, 1, 1069),
(139, 32, 1, NULL),
(138, 31, 1, NULL),
(137, 33, 1, NULL),
(136, 7, 1, 959),
(135, 26, 1, NULL),
(134, 13, 1, 977),
(133, 8, 1, 973),
(163, 0, 7, 101),
(164, 29, 1, NULL),
(165, 1, 7, 108),
(166, 0, 8, 146),
(167, 1, 8, NULL),
(168, 30, 1, NULL),
(169, 36, 1, NULL),
(170, 35, 1, 1073),
(171, 39, 1, NULL),
(172, 40, 1, NULL),
(173, 49, 1, NULL),
(174, 43, 1, NULL),
(175, 48, 1, 1003),
(176, 47, 1, 974),
(177, 46, 1, NULL),
(178, 45, 1, NULL),
(179, 44, 1, 1061),
(180, 41, 1, 1086),
(181, 38, 1, NULL),
(182, 37, 1, NULL),
(183, 42, 1, NULL),
(184, 22, 18, 115),
(185, 21, 18, 116),
(186, 0, 19, 133),
(187, 1, 19, NULL),
(188, 9, 19, NULL),
(189, 8, 19, 134),
(190, 10, 19, NULL),
(191, 27, 8, 110),
(192, 22, 8, 109),
(193, 36, 19, 141),
(194, 22, 19, 142),
(195, 2, 8, 148),
(196, 6, 25, 907),
(197, 7, 25, 908),
(198, 15, 25, 909),
(199, 0, 30, NULL),
(200, 0, 29, NULL),
(201, 0, 28, 920),
(202, 19, 28, NULL),
(203, 21, 28, NULL),
(204, 17, 28, NULL),
(205, 27, 28, NULL),
(206, 9, 28, NULL),
(207, 0, 31, NULL),
(208, 0, 33, 1068);

-- --------------------------------------------------------

--
-- Structure de la table `spaceumad_characterskill`
--

CREATE TABLE IF NOT EXISTS `spaceumad_characterskill` (
  `mIdCharacterSkill` int(11) NOT NULL AUTO_INCREMENT,
  `mLevel` int(11) NOT NULL,
  `mIdCharacter` int(11) DEFAULT NULL,
  `mIdSkill` int(11) DEFAULT NULL,
  PRIMARY KEY (`mIdCharacterSkill`),
  KEY `FKB23142064253B956` (`mIdCharacter`),
  KEY `FKB2314206E46BF9A6` (`mIdSkill`)
) ENGINE=MyISAM  DEFAULT CHARSET=latin1 AUTO_INCREMENT=748 ;

--
-- Contenu de la table `spaceumad_characterskill`
--

INSERT INTO `spaceumad_characterskill` (`mIdCharacterSkill`, `mLevel`, `mIdCharacter`, `mIdSkill`) VALUES
(1, 15, 1, 1),
(2, 0, 1, 2),
(3, 0, 1, 3),
(4, 0, 1, 4),
(5, 0, 1, 5),
(6, 0, 1, 6),
(7, 0, 1, 7),
(8, 0, 1, 8),
(9, 0, 1, 9),
(10, 15, 2, 1),
(11, 0, 2, 2),
(12, 0, 2, 3),
(13, 0, 2, 4),
(14, 0, 2, 5),
(15, 0, 2, 6),
(16, 0, 2, 7),
(17, 0, 2, 8),
(18, 0, 2, 9),
(19, 0, 3, 1),
(20, 15, 3, 2),
(21, 0, 3, 3),
(22, 0, 3, 4),
(23, 0, 3, 5),
(24, 0, 3, 6),
(25, 0, 3, 7),
(26, 0, 3, 8),
(27, 0, 3, 9),
(28, 15, 4, 1),
(29, 0, 4, 2),
(30, 0, 4, 3),
(31, 0, 4, 4),
(32, 0, 4, 5),
(33, 0, 4, 6),
(34, 0, 4, 7),
(35, 0, 4, 8),
(36, 0, 4, 9),
(37, 15, 5, 1),
(38, 0, 5, 2),
(39, 0, 5, 3),
(40, 0, 5, 4),
(41, 0, 5, 5),
(42, 0, 5, 6),
(43, 0, 5, 7),
(44, 0, 5, 8),
(45, 0, 5, 9),
(46, 15, 6, 1),
(47, 0, 6, 2),
(48, 0, 6, 3),
(49, 0, 6, 4),
(50, 0, 6, 5),
(51, 0, 6, 6),
(52, 0, 6, 7),
(53, 0, 6, 8),
(54, 0, 6, 9),
(55, 0, 7, 1),
(56, 0, 7, 2),
(57, 0, 7, 3),
(58, 0, 7, 4),
(59, 15, 7, 5),
(60, 0, 7, 6),
(61, 0, 7, 7),
(62, 0, 7, 8),
(63, 0, 7, 9),
(64, 8, 8, 1),
(65, 7, 8, 2),
(66, 0, 8, 3),
(67, 0, 8, 4),
(68, 0, 8, 5),
(69, 0, 8, 6),
(70, 0, 8, 7),
(71, 0, 8, 8),
(72, 0, 8, 9),
(73, 2, 9, 1),
(74, 7, 9, 2),
(75, 6, 9, 3),
(76, 0, 9, 4),
(77, 0, 9, 5),
(78, 0, 9, 6),
(79, 0, 9, 7),
(80, 0, 9, 8),
(81, 0, 9, 9),
(82, 15, 10, 1),
(83, 0, 10, 2),
(84, 0, 10, 3),
(85, 0, 10, 4),
(86, 0, 10, 5),
(87, 0, 10, 6),
(88, 0, 10, 7),
(89, 0, 10, 8),
(90, 0, 10, 9),
(91, 15, 11, 1),
(92, 0, 11, 2),
(93, 0, 11, 3),
(94, 0, 11, 4),
(95, 0, 11, 5),
(96, 0, 11, 6),
(97, 0, 11, 7),
(98, 0, 11, 8),
(99, 0, 11, 9),
(100, 15, 12, 1),
(101, 0, 12, 2),
(102, 0, 12, 3),
(103, 0, 12, 4),
(104, 0, 12, 5),
(105, 0, 12, 6),
(106, 0, 12, 7),
(107, 0, 12, 8),
(108, 0, 12, 9),
(109, 15, 13, 1),
(110, 0, 13, 2),
(111, 0, 13, 3),
(112, 0, 13, 4),
(113, 0, 13, 5),
(114, 0, 13, 6),
(115, 0, 13, 7),
(116, 0, 13, 8),
(117, 0, 13, 9),
(118, 15, 14, 1),
(119, 0, 14, 2),
(120, 0, 14, 3),
(121, 0, 14, 4),
(122, 0, 14, 5),
(123, 0, 14, 6),
(124, 0, 14, 7),
(125, 0, 14, 8),
(126, 0, 14, 9),
(142, 0, 16, 7),
(141, 0, 16, 6),
(139, 0, 16, 4),
(140, 0, 16, 5),
(138, 0, 16, 3),
(137, 0, 16, 2),
(136, 15, 16, 1),
(144, 0, 16, 9),
(143, 0, 16, 8),
(747, 0, 35, 9),
(746, 0, 35, 8),
(745, 0, 35, 7),
(744, 0, 35, 6),
(743, 0, 35, 5),
(742, 0, 35, 4),
(741, 6, 35, 3),
(740, 5, 35, 2),
(739, 4, 35, 1),
(738, 0, 34, 9),
(737, 0, 34, 8),
(736, 0, 34, 7),
(735, 0, 34, 6),
(734, 0, 34, 5),
(733, 0, 34, 4),
(732, 0, 34, 3),
(731, 0, 34, 2),
(730, 15, 34, 1),
(729, 0, 33, 9),
(728, 0, 33, 8),
(727, 0, 33, 7),
(726, 0, 33, 6),
(725, 0, 33, 5),
(724, 0, 33, 4),
(723, 0, 33, 3),
(722, 0, 33, 2),
(721, 15, 33, 1),
(720, 0, 32, 9),
(719, 8, 32, 8),
(718, 7, 32, 7),
(717, 0, 32, 6),
(716, 0, 32, 5),
(715, 0, 32, 4),
(714, 0, 32, 3),
(713, 0, 32, 2),
(712, 0, 32, 1),
(704, 0, 31, 2),
(705, 0, 31, 3),
(703, 0, 31, 1),
(706, 7, 31, 4),
(707, 8, 31, 5),
(708, 0, 31, 6),
(709, 0, 31, 7),
(710, 0, 31, 8),
(711, 0, 31, 9),
(702, 15, 30, 9),
(701, 0, 30, 8),
(700, 0, 30, 7),
(699, 0, 30, 6),
(698, 0, 30, 5),
(697, 0, 30, 4),
(696, 0, 30, 3),
(695, 0, 30, 2),
(694, 0, 30, 1),
(693, 0, 29, 9),
(692, 15, 29, 8),
(691, 0, 29, 7),
(690, 0, 29, 6),
(689, 0, 29, 5),
(688, 0, 29, 4),
(687, 0, 29, 3),
(686, 0, 29, 2),
(685, 0, 29, 1),
(684, 0, 28, 9),
(683, 45, 28, 8),
(682, 0, 28, 7),
(681, 0, 28, 6),
(680, 0, 28, 5),
(679, 0, 28, 4),
(678, 0, 28, 3),
(677, 0, 28, 2),
(676, 0, 28, 1),
(675, 0, 27, 9),
(674, 30, 27, 8),
(673, 0, 27, 7),
(672, 0, 27, 6),
(671, 0, 27, 5),
(670, 0, 27, 4),
(669, 0, 27, 3),
(668, 0, 27, 2),
(667, 0, 27, 1),
(666, 0, 26, 9),
(665, 15, 26, 8),
(664, 0, 26, 7),
(663, 0, 26, 6),
(662, 0, 26, 5),
(661, 0, 26, 4),
(660, 0, 26, 3),
(659, 0, 26, 2),
(658, 0, 26, 1),
(657, 0, 25, 9),
(656, 0, 25, 8),
(655, 0, 25, 7),
(654, 0, 25, 6),
(653, 0, 25, 5),
(652, 0, 25, 4),
(651, 0, 25, 3),
(650, 0, 25, 2),
(649, 15, 25, 1),
(648, 0, 24, 9),
(647, 0, 24, 8),
(646, 5, 24, 7),
(645, 6, 24, 6),
(644, 2, 24, 5),
(643, 2, 24, 4),
(642, 0, 24, 3),
(641, 0, 24, 2),
(640, 0, 24, 1),
(639, 0, 23, 9),
(638, 0, 23, 8),
(637, 15, 23, 7),
(636, 0, 23, 6),
(635, 0, 23, 5),
(634, 0, 23, 4),
(633, 0, 23, 3),
(632, 0, 23, 2),
(631, 0, 23, 1),
(630, 0, NULL, 9),
(629, 0, NULL, 8),
(628, 15, NULL, 7),
(627, 0, NULL, 6),
(626, 0, NULL, 5),
(625, 0, NULL, 4),
(624, 0, NULL, 3),
(623, 0, NULL, 2),
(622, 0, NULL, 1),
(612, 0, 19, 9),
(611, 0, 19, 8),
(610, 0, 19, 7),
(609, 0, 19, 6),
(608, 0, 19, 5),
(607, 0, 19, 4),
(606, 0, 19, 3),
(605, 0, 19, 2),
(604, 15, 19, 1),
(603, 0, 18, 9),
(602, 0, 18, 8),
(601, 0, 18, 7),
(600, 0, 18, 6),
(599, 1, 18, 5),
(598, 1, 18, 4),
(597, 0, 18, 3),
(596, 13, 18, 2),
(595, 0, 18, 1);

-- --------------------------------------------------------

--
-- Structure de la table `spaceumad_item`
--

CREATE TABLE IF NOT EXISTS `spaceumad_item` (
  `mIdItem` int(11) NOT NULL,
  `mDescription` varchar(255) DEFAULT NULL,
  `mName` varchar(255) DEFAULT NULL,
  `mPrice` float NOT NULL,
  `mSpriteId` varchar(255) DEFAULT NULL,
  `mStackMax` int(11) NOT NULL,
  `mIdItemTier` int(11) DEFAULT NULL,
  `mIdItemType` int(11) DEFAULT NULL,
  `mBuyable` bit(1) NOT NULL,
  `mConsumptionMax` float NOT NULL,
  `mConsumptionMin` float NOT NULL,
  `mProductionMax` float NOT NULL,
  `mProductionMin` float NOT NULL,
  `mStockMaximumMax` bigint(20) NOT NULL,
  `mStockMaximumMin` bigint(20) NOT NULL,
  `mStockMinimumMax` bigint(20) NOT NULL,
  `mStockMinimumMin` bigint(20) NOT NULL,
  PRIMARY KEY (`mIdItem`),
  KEY `FK6922F1D1EE4F2BD1` (`mIdItemType`),
  KEY `FK6922F1D1EE4EB121` (`mIdItemTier`)
) ENGINE=MyISAM DEFAULT CHARSET=latin1;

--
-- Contenu de la table `spaceumad_item`
--

INSERT INTO `spaceumad_item` (`mIdItem`, `mDescription`, `mName`, `mPrice`, `mSpriteId`, `mStackMax`, `mIdItemTier`, `mIdItemType`, `mBuyable`, `mConsumptionMax`, `mConsumptionMin`, `mProductionMax`, `mProductionMin`, `mStockMaximumMax`, `mStockMaximumMin`, `mStockMinimumMax`, `mStockMinimumMin`) VALUES
(1, 'ammoSmallCarbonizedLeadDescription', 'ammoSmallCarbonizedLeadName', 11, '0-7', 4000, 1, 65, b'1', 20000, 0, 20000, 0, 80000, 44000, 40000, 20000),
(2, 'ammoSmallTitaniumSabotDescription', 'ammoSmallTitaniumSabotName', 24, '1-7', 4000, 2, 65, b'1', 20000, 0, 20000, 0, 80000, 44000, 40000, 20000),
(3, 'ammoSmallNuclearDescription', 'ammoSmallNuclearName', 12, '2-7', 4000, 1, 65, b'1', 20000, 0, 20000, 0, 80000, 44000, 40000, 20000),
(4, 'ammoSmallFusionDescription', 'ammoSmallFusionName', 23, '3-7', 4000, 2, 65, b'1', 20000, 0, 20000, 0, 80000, 44000, 40000, 20000),
(5, 'ammoSmallProtonDescription', 'ammoSmallProtonName', 12, '4-7', 4000, 1, 65, b'1', 20000, 0, 20000, 0, 80000, 44000, 40000, 20000),
(6, 'ammoSmallEMPDescription', 'ammoSmallEMPName', 29, '5-7', 4000, 2, 65, b'1', 20000, 0, 20000, 0, 80000, 44000, 40000, 20000),
(7, 'shipModelFXT01Description', 'shipModelFXT01Name', 500, '0-0', 1, 1, 35, b'0', 0, 0, 0, 0, 0, 0, 0, 0),
(8, 'shipModelFXT02Description', 'shipModelFXT02Name', 500, '0-0', 1, 1, 35, b'0', 0, 0, 0, 0, 0, 0, 0, 0),
(9, 'shipModelFXT03Description', 'shipModelFXT03Name', 500, '0-0', 1, 1, 35, b'0', 0, 0, 0, 0, 0, 0, 0, 0),
(10, 'weaponKineticSmallLACIDescription', 'weaponKineticSmallLACIName', 47000, '0-1', 1, 1, 47, b'1', 10, 0, 10, 0, 40, 22, 20, 10),
(11, 'weaponKineticSmallLACIIDescription', 'weaponKineticSmallLACIIName', 880000, '0-1', 1, 2, 47, b'1', 10, 0, 10, 0, 40, 22, 20, 10),
(12, 'weaponKineticSmallHAIDescription', 'weaponKineticSmallHAIName', 95000, '0-1', 1, 1, 47, b'1', 10, 0, 10, 0, 40, 22, 20, 10),
(13, 'weaponKineticSmallHAIIDescription', 'weaponKineticSmallHAIIName', 990000, '0-1', 1, 2, 47, b'1', 10, 0, 10, 0, 40, 22, 20, 10),
(14, 'weaponKineticSmallLACIIIDescription', 'weaponKineticSmallLACIIIName', 1.875e+007, '0-1', 1, 3, 47, b'1', 10, 0, 10, 0, 40, 22, 20, 10),
(15, 'weaponKineticSmallHAIIIDescription', 'weaponKineticSmallHAIIIName', 4.2e+007, '0-1', 1, 3, 47, b'1', 10, 0, 10, 0, 40, 22, 20, 10),
(16, 'weaponKineticSmallGACIDescription', 'weaponKineticSmallGACIName', 12500, '1-1', 1, 1, 47, b'1', 10, 0, 10, 0, 40, 22, 20, 10),
(18, 'ammoSmallDepletedUraniumDescription', 'ammoSmallDepletedUraniumName', 16, '6-7', 4000, 1, 65, b'1', 20000, 0, 20000, 0, 80000, 44000, 40000, 20000),
(19, 'ammoSmallPhasedPlasmaDescription', 'ammoSmallPhasedPlasmaName', 34, '7-7', 4000, 2, 65, b'1', 20000, 0, 20000, 0, 80000, 44000, 40000, 20000),
(20, 'ammoMediumCarbonizedLeadDescription', 'ammoMediumCarbonizedLeadName', 23, '8-7', 800, 1, 66, b'1', 4000, 0, 4000, 0, 16000, 8800, 8000, 4000),
(21, 'ammoMediumTitaniumSabotDescription', 'ammoMediumTitaniumSabotName', 61, '9-7', 800, 2, 66, b'1', 4000, 0, 4000, 0, 16000, 8800, 8000, 4000),
(22, 'ammoMediumNuclearDescription', 'ammoMediumNuclearName', 35, '10-7', 800, 1, 66, b'1', 4000, 0, 4000, 0, 16000, 8800, 8000, 4000),
(23, 'ammoMediumFusionDescription', 'ammoMediumFusionName', 63, '11-7', 800, 2, 66, b'1', 4000, 0, 4000, 0, 16000, 8800, 8000, 4000),
(24, 'ammoMediumProtonDescription', 'ammoMediumProtonName', 46, '12-7', 800, 1, 66, b'1', 4000, 0, 4000, 0, 16000, 8800, 8000, 4000),
(25, 'ammoMediumEMPDescription', 'ammoMediumEMPName', 89, '13-7', 800, 2, 66, b'1', 4000, 0, 4000, 0, 16000, 8800, 8000, 4000),
(26, 'ammoMediumDepletedUraniumDescription', 'ammoMediumDepletedUraniumName', 60, '14-7', 800, 1, 66, b'1', 4000, 0, 4000, 0, 16000, 8800, 8000, 4000),
(27, 'ammoMediumPhasedPlasmaDescription', 'ammoMediumPhasedPlasmaName', 80, '15-7', 800, 2, 66, b'1', 4000, 0, 4000, 0, 16000, 8800, 8000, 4000),
(32768, 'ammoLargeCarbonizedLeadDescription', 'ammoLargeCarbonizedLeadName', 45, '0-8', 400, 1, 67, b'1', 2000, 0, 2000, 0, 8000, 4400, 4000, 2000),
(32769, 'ammoLargeTitaniumSabotDescription', 'ammoLargeTitaniumSabotName', 125, '1-8', 400, 2, 67, b'1', 2000, 0, 2000, 0, 8000, 4400, 4000, 2000),
(32770, 'ammoLargeNuclearDescription', 'ammoLargeNuclearName', 68, '2-8', 400, 1, 67, b'1', 2000, 0, 2000, 0, 8000, 4400, 4000, 2000),
(32771, 'ammoLargeFusionDescription', 'ammoLargeFusionName', 169, '3-8', 400, 2, 67, b'1', 2000, 0, 2000, 0, 8000, 4400, 4000, 2000),
(32772, 'ammoLargeProtonDescription', 'ammoLargeProtonName', 90, '4-8', 400, 1, 67, b'1', 2000, 0, 2000, 0, 8000, 4400, 4000, 2000),
(32773, 'ammoLargeEMPDescription', 'ammoLargeEMPName', 193, '5-8', 400, 2, 67, b'1', 2000, 0, 2000, 0, 8000, 4400, 4000, 2000),
(32774, 'ammoLargeDepletedUraniumDescription', 'ammoLargeDepletedUraniumName', 119, '6-8', 400, 1, 67, b'1', 2000, 0, 2000, 0, 8000, 4400, 4000, 2000),
(32775, 'ammoLargePhasedPlasmaDescription', 'ammoLargePhasedPlasmaName', 175, '7-8', 400, 2, 67, b'1', 2000, 0, 2000, 0, 8000, 4400, 4000, 2000),
(32776, 'ammoExtraLargeCarbonizedLeadDescription', 'ammoExtraLargeCarbonizedLeadName', 372, '8-8', 80, 1, 68, b'1', 400, 0, 400, 0, 1600, 880, 800, 400),
(32777, 'ammoExtraLargeTitaniumSabotDescription', 'ammoExtraLargeTitaniumSabotName', 1347, '9-8', 80, 2, 68, b'1', 400, 0, 400, 0, 1600, 880, 800, 400),
(32778, 'ammoExtraLargeNuclearDescription', 'ammoExtraLargeNuclearName', 710, '10-8', 80, 1, 68, b'1', 400, 0, 400, 0, 1600, 880, 800, 400),
(32779, 'ammoExtraLargeFusionDescription', 'ammoExtraLargeFusionName', 1744, '11-8', 80, 2, 68, b'1', 400, 0, 400, 0, 1600, 880, 800, 400),
(32780, 'ammoExtraLargeProtonDescription', 'ammoExtraLargeProtonName', 749, '12-8', 80, 1, 68, b'1', 400, 0, 400, 0, 1600, 880, 800, 400),
(32781, 'ammoExtraLargeEMPDescription', 'ammoExtraLargeEMPName', 1880, '13-8', 80, 2, 68, b'1', 400, 0, 400, 0, 1600, 880, 800, 400),
(32782, 'ammoExtraLargeDepletedUraniumDescription', 'ammoExtraLargeDepletedUraniumName', 1296, '14-8', 80, 1, 68, b'1', 400, 0, 400, 0, 1600, 880, 800, 400),
(32783, 'ammoExtraLargePhasedPlasmaDescription', 'ammoExtraLargePhasedPlasmaName', 2485, '15-8', 80, 2, 68, b'1', 400, 0, 400, 0, 1600, 880, 800, 400),
(32784, 'ammoSmallAntimatterChargeDescription', 'ammoSmallAntimatterChargeName', 17, '0-9', 4000, 1, 69, b'1', 20000, 0, 20000, 0, 80000, 44000, 40000, 20000),
(32785, 'ammoSmallUraniumChargeDescription', 'ammoSmallUraniumChargeName', 30, '1-9', 4000, 2, 69, b'1', 20000, 0, 20000, 0, 80000, 44000, 40000, 20000),
(32786, 'ammoSmallPlutoniumChargeDescription', 'ammoSmallPlutoniumChargeName', 15, '2-9', 4000, 1, 69, b'1', 20000, 0, 20000, 0, 80000, 44000, 40000, 20000),
(32787, 'ammoSmallLeadChargeDescription', 'ammoSmallLeadChargeName', 20, '3-9', 4000, 2, 69, b'1', 20000, 0, 20000, 0, 80000, 44000, 40000, 20000),
(32788, 'ammoSmallTungstenChargeDescription', 'ammoSmallTungstenChargeName', 10, '4-9', 4000, 1, 69, b'1', 20000, 0, 20000, 0, 80000, 44000, 40000, 20000),
(32789, 'ammoSmallIronChargeDescription', 'ammoSmallIronChargeName', 15, '5-9', 4000, 2, 69, b'1', 20000, 0, 20000, 0, 80000, 44000, 40000, 20000),
(32790, 'ammoSmallIridiumChargeDescription', 'ammoSmallIridiumChargeName', 17, '6-9', 4000, 1, 69, b'1', 20000, 0, 20000, 0, 80000, 44000, 40000, 20000),
(32791, 'ammoSmallThoriumChargeDescription', 'ammoSmallThoriumChargeName', 22, '7-9', 4000, 2, 69, b'1', 20000, 0, 20000, 0, 80000, 44000, 40000, 20000),
(32792, 'ammoMediumAntimatterChargeDescription', 'ammoMediumAntimatterChargeName', 75, '8-9', 800, 1, 70, b'1', 4000, 0, 4000, 0, 16000, 8800, 8000, 4000),
(32793, 'ammoMediumUraniumChargeDescription', 'ammoMediumUraniumChargeName', 91, '9-9', 800, 2, 70, b'1', 4000, 0, 4000, 0, 16000, 8800, 8000, 4000),
(32794, 'ammoMediumPlutoniumChargeDescription', 'ammoMediumPlutoniumChargeName', 56, '10-9', 800, 1, 70, b'1', 4000, 0, 4000, 0, 16000, 8800, 8000, 4000),
(32795, 'ammoMediumLeadChargeDescription', 'ammoMediumLeadChargeName', 80, '11-9', 800, 2, 70, b'1', 4000, 0, 4000, 0, 16000, 8800, 8000, 4000),
(32796, 'ammoMediumTungstenChargeDescription', 'ammoMediumTungstenChargeName', 38, '12-9', 800, 1, 70, b'1', 4000, 0, 4000, 0, 16000, 8800, 8000, 4000),
(32797, 'ammoMediumIronChargeDescription', 'ammoMediumIronChargeName', 74, '13-9', 800, 2, 70, b'1', 4000, 0, 4000, 0, 16000, 8800, 8000, 4000),
(32798, 'ammoMediumIridiumChargeDescription', 'ammoMediumIridiumChargeName', 50, '14-9', 800, 1, 70, b'1', 4000, 0, 4000, 0, 16000, 8800, 8000, 4000),
(32799, 'ammoMediumThoriumChargeDescription', 'ammoMediumThoriumChargeName', 75, '15-9', 800, 2, 70, b'1', 4000, 0, 4000, 0, 16000, 8800, 8000, 4000),
(32800, 'ammoLargeAntimatterChargeDescription', 'ammoLargeAntimatterChargeName', 190, '0-10', 400, 1, 71, b'1', 2000, 0, 2000, 0, 8000, 4400, 4000, 2000),
(32801, 'ammoLargeUraniumChargeDescription', 'ammoLargeUraniumChargeName', 190, '1-10', 400, 2, 71, b'1', 2000, 0, 2000, 0, 8000, 4400, 4000, 2000),
(32802, 'ammoLargePlutoniumChargeDescription', 'ammoLargePlutoniumChargeName', 180, '2-10', 400, 1, 71, b'1', 2000, 0, 2000, 0, 8000, 4400, 4000, 2000),
(32803, 'ammoLargeLeadChargeDescription', 'ammoLargeLeadChargeName', 125, '3-10', 400, 2, 71, b'1', 2000, 0, 2000, 0, 8000, 4400, 4000, 2000),
(32804, 'ammoLargeTungstenChargeDescription', 'ammoLargeTungstenChargeName', 67, '4-10', 400, 1, 71, b'1', 2000, 0, 2000, 0, 8000, 4400, 4000, 2000),
(32805, 'ammoLargeIronChargeDescription', 'ammoLargeIronChargeName', 59, '5-10', 400, 2, 71, b'1', 2000, 0, 2000, 0, 8000, 4400, 4000, 2000),
(32806, 'ammoLargeIridiumChargeDescription', 'ammoLargeIridiumChargeName', 98, '6-10', 400, 1, 71, b'1', 2000, 0, 2000, 0, 8000, 4400, 4000, 2000),
(32807, 'ammoLargeThoriumChargeDescription', 'ammoLargeThoriumChargeName', 142, '7-10', 400, 2, 71, b'1', 2000, 0, 2000, 0, 8000, 4400, 4000, 2000),
(32808, 'ammoExtraLargeAntimatterChargeDescription', 'ammoExtraLargeAntimatterChargeName', 1875, '8-10', 80, 1, 72, b'1', 400, 0, 400, 0, 1600, 880, 800, 400),
(32809, 'ammoExtraLargeUraniumChargeDescription', 'ammoExtraLargeUraniumChargeName', 1529, '9-10', 80, 2, 72, b'1', 400, 0, 400, 0, 1600, 880, 800, 400),
(32810, 'ammoExtraLargePlutoniumChargeDescription', 'ammoExtraLargePlutoniumChargeName', 1772, '10-10', 80, 1, 72, b'1', 400, 0, 400, 0, 1600, 880, 800, 400),
(32811, 'ammoExtraLargeLeadChargeDescription', 'ammoExtraLargeLeadChargeName', 1074, '11-10', 80, 2, 72, b'1', 400, 0, 400, 0, 1600, 880, 800, 400),
(32812, 'ammoExtraLargeTungstenChargeDescription', 'ammoExtraLargeTungstenChargeName', 1400, '12-10', 80, 1, 72, b'1', 400, 0, 400, 0, 1600, 880, 800, 400),
(32813, 'ammoExtraLargeIronChargeDescription', 'ammoExtraLargeIronChargeName', 575, '13-10', 80, 2, 72, b'1', 400, 0, 400, 0, 1600, 880, 800, 400),
(32814, 'ammoExtraLargeIridiumChargeDescription', 'ammoExtraLargeIridiumChargeName', 671, '14-10', 80, 1, 72, b'1', 400, 0, 400, 0, 1600, 880, 800, 400),
(32815, 'ammoExtraLargeThoriumChargeDescription', 'ammoExtraLargeThoriumChargeName', 1273, '15-10', 80, 2, 72, b'1', 400, 0, 400, 0, 1600, 880, 800, 400),
(32823, 'ammoSmallMjolnirIIDescription', 'ammoSmallMjolnirIIName', 24, '3-11', 2000, 2, 73, b'1', 10000, 0, 10000, 0, 40000, 22000, 20000, 10000),
(32822, 'ammoSmallMjolnirIDescription', 'ammoSmallMjolnirIName', 12, '2-11', 2000, 1, 73, b'1', 10000, 0, 10000, 0, 40000, 22000, 20000, 10000),
(32821, 'ammoSmallScourgeIIDescription', 'ammoSmallScourgeIIName', 24, '1-11', 2000, 2, 73, b'1', 10000, 0, 10000, 0, 40000, 22000, 20000, 10000),
(32820, 'ammoSmallScourgeIDescription', 'ammoSmallScourgeIName', 12, '0-11', 2000, 1, 73, b'1', 10000, 0, 10000, 0, 40000, 22000, 20000, 10000),
(32824, 'ammoSmallNovaIDescription', 'ammoSmallNovaIName', 12, '4-11', 2000, 1, 73, b'1', 10000, 0, 10000, 0, 40000, 22000, 20000, 10000),
(32825, 'ammoSmallNovaIIDescription', 'ammoSmallNovaIIName', 24, '5-11', 2000, 2, 73, b'1', 10000, 0, 10000, 0, 40000, 22000, 20000, 10000),
(32826, 'ammoSmallInfernoIDescription', 'ammoSmallInfernoIName', 12, '6-11', 2000, 1, 73, b'1', 10000, 0, 10000, 0, 40000, 22000, 20000, 10000),
(32827, 'ammoSmallInfernoIIDescription', 'ammoSmallInfernoIIName', 24, '7-11', 2000, 2, 73, b'1', 10000, 0, 10000, 0, 40000, 22000, 20000, 10000),
(32828, 'ammoMediumScourgeIDescription', 'ammoMediumScourgeIName', 24, '8-11', 666, 1, 74, b'1', 3330, 0, 3330, 0, 13320, 7326, 6660, 3330),
(32829, 'ammoMediumScourgeIIDescription', 'ammoMediumScourgeIIName', 48, '9-11', 666, 2, 74, b'1', 3330, 0, 3330, 0, 13320, 7326, 6660, 3330),
(32830, 'ammoMediumMjolnirIDescription', 'ammoMediumMjolnirIName', 24, '10-11', 666, 1, 74, b'1', 3330, 0, 3330, 0, 13320, 7326, 6660, 3330),
(32831, 'ammoMediumMjolnirIIDescription', 'ammoMediumMjolnirIIName', 48, '11-11', 666, 2, 74, b'1', 3330, 0, 3330, 0, 13320, 7326, 6660, 3330),
(32832, 'ammoMediumNovaIDescription', 'ammoMediumNovaIName', 24, '12-11', 666, 1, 74, b'1', 3330, 0, 3330, 0, 13320, 7326, 6660, 3330),
(32833, 'ammoMediumNovaIIDescription', 'ammoMediumNovaIIName', 48, '13-11', 666, 2, 74, b'1', 3330, 0, 3330, 0, 13320, 7326, 6660, 3330),
(32834, 'ammoMediumInfernoIDescription', 'ammoMediumInfernoIName', 24, '14-11', 666, 1, 74, b'1', 3330, 0, 3330, 0, 13320, 7326, 6660, 3330),
(32835, 'ammoMediumInfernoIIDescription', 'ammoMediumInfernoIIName', 48, '15-11', 666, 2, 74, b'1', 3330, 0, 3330, 0, 13320, 7326, 6660, 3330),
(32836, 'ammoLargeScourgeIDescription', 'ammoLargeScourgeIName', 48, '0-12', 333, 1, 75, b'1', 1665, 0, 1665, 0, 6660, 3663, 3330, 1665),
(32837, 'ammoLargeScourgeIIDescription', 'ammoLargeScourgeIIName', 96, '1-12', 333, 2, 75, b'1', 1665, 0, 1665, 0, 6660, 3663, 3330, 1665),
(32838, 'ammoLargeMjolnirIDescription', 'ammoLargeMjolnirIName', 48, '2-12', 333, 1, 75, b'1', 1665, 0, 1665, 0, 6660, 3663, 3330, 1665),
(32839, 'ammoLargeMjolnirIIDescription', 'ammoLargeMjolnirIIName', 96, '3-12', 333, 2, 75, b'1', 1665, 0, 1665, 0, 6660, 3663, 3330, 1665),
(32840, 'ammoLargeNovaIDescription', 'ammoLargeNovaIName', 48, '4-12', 333, 1, 75, b'1', 1665, 0, 1665, 0, 6660, 3663, 3330, 1665),
(32841, 'ammoLargeNovaIIDescription', 'ammoLargeNovaIIName', 96, '5-12', 333, 2, 75, b'1', 1665, 0, 1665, 0, 6660, 3663, 3330, 1665),
(32842, 'ammoLargeInfernoIDescription', 'ammoLargeInfernoIName', 48, '6-12', 333, 1, 75, b'1', 1665, 0, 1665, 0, 6660, 3663, 3330, 1665),
(32843, 'ammoLargeInfernoIIDescription', 'ammoLargeInfernoIIName', 96, '7-12', 333, 2, 75, b'1', 1665, 0, 1665, 0, 6660, 3663, 3330, 1665),
(32844, 'ammoExtraLargeScourgeIDescription', 'ammoExtraLargeScourgeIName', 96, '8-12', 200, 1, 76, b'1', 1000, 0, 1000, 0, 4000, 2200, 2000, 1000),
(32845, 'ammoExtraLargeScourgeIIDescription', 'ammoExtraLargeScourgeIIName', 192, '9-12', 200, 2, 76, b'1', 1000, 0, 1000, 0, 4000, 2200, 2000, 1000),
(32846, 'ammoExtraLargeMjolnirIDescription', 'ammoExtraLargeMjolnirIName', 96, '10-12', 200, 1, 76, b'1', 1000, 0, 1000, 0, 4000, 2200, 2000, 1000),
(32847, 'ammoExtraLargeMjolnirIIDescription', 'ammoExtraLargeMjolnirIIName', 192, '11-12', 200, 2, 76, b'1', 1000, 0, 1000, 0, 4000, 2200, 2000, 1000),
(32848, 'ammoExtraLargeNovaIDescription', 'ammoExtraLargeNovaIName', 96, '12-12', 200, 1, 76, b'1', 1000, 0, 1000, 0, 4000, 2200, 2000, 1000),
(32849, 'ammoExtraLargeNovaIIDescription', 'ammoExtraLargeNovaIIName', 192, '13-12', 200, 2, 76, b'1', 1000, 0, 1000, 0, 4000, 2200, 2000, 1000),
(32850, 'ammoExtraLargeInfernoIDescription', 'ammoExtraLargeInfernoIName', 96, '14-12', 200, 1, 76, b'1', 1000, 0, 1000, 0, 4000, 2200, 2000, 1000),
(32851, 'ammoExtraLargeInfernoIIDescription', 'ammoExtraLargeInfernoIIName', 192, '15-12', 200, 2, 76, b'1', 1000, 0, 1000, 0, 4000, 2200, 2000, 1000),
(17, 'weaponKineticSmallGACIIDescription', 'weaponKineticSmallGACIIName', 460000, '1-1', 1, 2, 47, b'1', 10, 0, 10, 0, 40, 22, 20, 10),
(950272, 'weaponKineticSmallGACIIIDescription', 'weaponKineticSmallGACIIIName', 6.97e+007, '1-1', 1, 3, 47, b'1', 10, 0, 10, 0, 40, 22, 20, 10),
(950273, 'weaponKineticSmallLACI150Description', 'weaponKineticSmallLACI150Name', 29300, '1-1', 1, 1, 47, b'1', 10, 0, 10, 0, 40, 22, 20, 10),
(950274, 'weaponKineticSmallLACII150Description', 'weaponKineticSmallLACII150Name', 620000, '1-1', 1, 2, 47, b'1', 10, 0, 10, 0, 40, 22, 20, 10),
(950275, 'weaponKineticSmallLACIII150Description', 'weaponKineticSmallLACIII150Name', 8.4e+007, '1-1', 1, 3, 47, b'1', 10, 0, 10, 0, 40, 22, 20, 10),
(950276, 'weaponKineticSmallACIDescription', 'weaponKineticSmallACIName', 27410, '1-1', 1, 1, 47, b'1', 10, 0, 10, 0, 40, 22, 20, 10),
(950277, 'weaponKineticSmallACIIDescription', 'weaponKineticSmallACIIName', 750000, '1-1', 1, 2, 47, b'1', 10, 0, 10, 0, 40, 22, 20, 10),
(950278, 'weaponKineticSmallACIIIDescription', 'weaponKineticSmallACIIIName', 1.22e+008, '1-1', 1, 3, 47, b'1', 10, 0, 10, 0, 40, 22, 20, 10),
(983040, 'weaponKineticMedium650ACIDescription', 'weaponKineticMedium650ACIName', 210000, '2-1', 1, 1, 48, b'1', 5, 0, 5, 0, 20, 11, 10, 5),
(983041, 'weaponKineticMedium650ACIIDescription', 'weaponKineticMedium650ACIIName', 1e+006, '2-1', 1, 2, 48, b'1', 5, 0, 5, 0, 20, 11, 10, 5),
(983042, 'weaponKineticMedium650ACIIIDescription', 'weaponKineticMedium650ACIIIName', 3.5e+007, '2-1', 1, 3, 48, b'1', 5, 0, 5, 0, 20, 11, 10, 5),
(983043, 'weaponKineticMedium720HAIDescription', 'weaponKineticMedium720HAIName', 260000, '2-1', 1, 1, 48, b'1', 5, 0, 5, 0, 20, 11, 10, 5),
(983044, 'weaponKineticMedium720HAIIDescription', 'weaponKineticMedium720HAIIName', 1.85e+006, '2-1', 1, 2, 48, b'1', 5, 0, 5, 0, 20, 11, 10, 5),
(983045, 'weaponKineticMedium720HAIIIDescription', 'weaponKineticMedium720HAIIIName', 3.5e+007, '2-1', 1, 3, 48, b'1', 5, 0, 5, 0, 20, 11, 10, 5),
(983046, 'weaponKineticMedium220VAIDescription', 'weaponKineticMedium220VAIName', 100000, '3-1', 1, 1, 48, b'1', 5, 0, 5, 0, 20, 11, 10, 5),
(983047, 'weaponKineticMedium220VAIIDescription', 'weaponKineticMedium220VAIIName', 1.2e+006, '3-1', 1, 2, 48, b'1', 5, 0, 5, 0, 20, 11, 10, 5),
(983048, 'weaponKineticMedium220VAIIIDescription', 'weaponKineticMedium220VAIIIName', 5.45e+007, '3-1', 1, 3, 48, b'1', 5, 0, 5, 0, 20, 11, 10, 5),
(983049, 'weaponKineticMedium425AIDescription', 'weaponKineticMedium425AIName', 160000, '3-1', 1, 1, 48, b'1', 5, 0, 5, 0, 20, 11, 10, 5),
(983050, 'weaponKineticMedium425AIIDescription', 'weaponKineticMedium425AIIName', 1.22e+006, '3-1', 1, 2, 48, b'1', 5, 0, 5, 0, 20, 11, 10, 5),
(983051, 'weaponKineticMedium425AIIIDescription', 'weaponKineticMedium425AIIIName', 7.3e+007, '3-1', 1, 3, 48, b'1', 5, 0, 5, 0, 20, 11, 10, 5),
(983052, 'weaponKineticMediumDual180AIDescription', 'weaponKineticMediumDual180AIName', 45000, '3-1', 1, 1, 48, b'1', 5, 0, 5, 0, 20, 11, 10, 5),
(983053, 'weaponKineticMediumDual180AIIDescription', 'weaponKineticMediumDual180AIIName', 1.1e+006, '3-1', 1, 2, 48, b'1', 5, 0, 5, 0, 20, 11, 10, 5),
(983054, 'weaponKineticMediumDual180AIIIDescription', 'weaponKineticMediumDual180AIIIName', 6.3e+007, '3-1', 1, 3, 48, b'1', 5, 0, 5, 0, 20, 11, 10, 5),
(983055, 'weaponKineticLarge1200ACIDescription', 'weaponKineticLarge1200ACIName', 1.5e+006, '4-1', 1, 1, 49, b'1', 5, 0, 5, 0, 20, 11, 10, 5),
(983056, 'weaponKineticLarge1200ACIIDescription', 'weaponKineticLarge1200ACIIName', 3.59e+006, '4-1', 1, 2, 49, b'1', 5, 0, 5, 0, 20, 11, 10, 5),
(983057, 'weaponKineticLarge1200ACIIIDescription', 'weaponKineticLarge1200ACIIIName', 4.8e+007, '4-1', 1, 3, 49, b'1', 5, 0, 5, 0, 20, 11, 10, 5),
(983058, 'weaponKineticLarge1400HAIDescription', 'weaponKineticLarge1400HAIName', 1.22e+006, '4-1', 1, 1, 49, b'1', 5, 0, 5, 0, 20, 11, 10, 5),
(983059, 'weaponKineticLarge1400HAIIDescription', 'weaponKineticLarge1400HAIIName', 4.8e+006, '4-1', 1, 2, 49, b'1', 5, 0, 5, 0, 20, 11, 10, 5),
(983060, 'weaponKineticLarge1400HAIIIDescription', 'weaponKineticLarge1400HAIIIName', 1.04e+008, '4-1', 1, 3, 49, b'1', 5, 0, 5, 0, 20, 11, 10, 5),
(983061, 'weaponKineticLarge1200ACIVDescription', 'weaponKineticLarge1200ACIVName', 4e+008, '4-1', 1, 4, 49, b'1', 5, 0, 5, 0, 20, 11, 10, 5),
(983062, 'weaponKineticLarge1400HAIVDescription', 'weaponKineticLarge1400HAIVName', 2e+009, '4-1', 1, 4, 49, b'1', 5, 0, 5, 0, 20, 11, 10, 5),
(983063, 'weaponKineticLarge800RAIDescription', 'weaponKineticLarge800RAIName', 1.3e+006, '5-1', 1, 1, 49, b'1', 5, 0, 5, 0, 20, 11, 10, 5),
(983064, 'weaponKineticLarge800RAIIDescription', 'weaponKineticLarge800RAIIName', 3e+006, '5-1', 1, 2, 49, b'1', 5, 0, 5, 0, 20, 11, 10, 5),
(983065, 'weaponKineticLarge800RAIIIDescription', 'weaponKineticLarge800RAIIIName', 9e+007, '5-1', 1, 3, 49, b'1', 5, 0, 5, 0, 20, 11, 10, 5),
(983066, 'weaponKineticLarge800RAIVDescription', 'weaponKineticLarge800RAIVName', 5.75e+009, '5-1', 1, 4, 49, b'1', 5, 0, 5, 0, 20, 11, 10, 5),
(983067, 'weaponKineticLarge425ACIDescription', 'weaponKineticLarge425ACIName', 400000, '5-1', 1, 1, 49, b'1', 5, 0, 5, 0, 20, 11, 10, 5),
(983068, 'weaponKineticLarge425ACIIDescription', 'weaponKineticLarge425ACIIName', 1.6e+006, '5-1', 1, 2, 49, b'1', 5, 0, 5, 0, 20, 11, 10, 5),
(983069, 'weaponKineticLarge425ACIIIDescription', 'weaponKineticLarge425ACIIIName', 6.2e+007, '5-1', 1, 3, 49, b'1', 5, 0, 5, 0, 20, 11, 10, 5),
(983070, 'weaponKineticLarge425ACIVDescription', 'weaponKineticLarge425ACIVName', 1.558e+009, '5-1', 1, 4, 49, b'1', 5, 0, 5, 0, 20, 11, 10, 5),
(983071, 'weaponKineticLargeDual650RAIDescription', 'weaponKineticLargeDual650RAIName', 1.2e+006, '5-1', 1, 1, 49, b'1', 5, 0, 5, 0, 20, 11, 10, 5),
(983072, 'weaponKineticLargeDual650RAIIDescription', 'weaponKineticLargeDual650RAIIName', 2.28e+006, '5-1', 1, 2, 49, b'1', 5, 0, 5, 0, 20, 11, 10, 5),
(983073, 'weaponKineticLargeDual650RAIIIDescription', 'weaponKineticLargeDual650RAIIIName', 3e+007, '5-1', 1, 3, 49, b'1', 5, 0, 5, 0, 20, 11, 10, 5),
(983074, 'weaponKineticLargeDual650RAIVDescription', 'weaponKineticLargeDual650RAIVName', 1e+009, '5-1', 1, 4, 49, b'1', 5, 0, 5, 0, 20, 11, 10, 5);

-- --------------------------------------------------------

--
-- Structure de la table `spaceumad_itemstack`
--

CREATE TABLE IF NOT EXISTS `spaceumad_itemstack` (
  `mIdItemStack` int(11) NOT NULL AUTO_INCREMENT,
  `mStackSize` int(11) NOT NULL,
  `mIdItem` int(11) DEFAULT NULL,
  PRIMARY KEY (`mIdItemStack`),
  KEY `FKA73B4B576000BFBD` (`mIdItem`)
) ENGINE=MyISAM  DEFAULT CHARSET=latin1 AUTO_INCREMENT=1089 ;

--
-- Contenu de la table `spaceumad_itemstack`
--

INSERT INTO `spaceumad_itemstack` (`mIdItemStack`, `mStackSize`, `mIdItem`) VALUES
(1, 10, 4),
(2, 1, 16),
(3, 32, 4),
(4, 32, 4),
(5, 16, 4),
(6, 96, 4),
(7, 16, 4),
(8, 48, 4),
(9, 24, 4),
(10, 24, 4),
(11, 48, 4),
(12, 64, 4),
(13, 16, 4),
(14, 8, 4),
(15, 8, 4),
(16, 4, 4),
(17, 4, 4),
(18, 2, 4),
(19, 2, 4),
(20, 1, 4),
(21, 2, 4),
(22, 20, 1),
(23, 1, 14),
(24, 1, 16),
(25, 1, 16),
(26, 1, 14),
(27, 1, 14),
(28, 256, 1),
(29, 1, 16),
(30, 1, 14),
(31, 1, 16),
(32, 41, 2),
(33, 89, 2),
(34, 106, 2),
(35, 126, 2),
(36, 128, 2),
(37, 47, 2),
(38, 47, 2),
(39, 128, 2),
(40, 47, 2),
(41, 768, 2),
(42, 73, 2),
(43, 40, 1),
(44, 32, 2),
(45, 10, 1),
(46, 47, 2),
(47, 15, 2),
(48, 23, 1),
(49, 58, 2),
(50, 34, 2),
(51, 13, 1),
(52, 1, 16),
(53, 512, 1),
(54, 128, 1),
(55, 49, 1),
(56, 128, 1),
(57, 15, 4),
(58, 41, 1),
(59, 21, 1),
(60, 64, 2),
(61, 32, 2),
(62, 1024, 2),
(63, 41, 1),
(64, 41, 1),
(65, 15, 4),
(66, 7, 4),
(67, 7, 4),
(68, 15, 4),
(69, 15, 4),
(70, 73, 1),
(71, 37, 1),
(72, 36, 1),
(73, 73, 1),
(74, 640, 1),
(75, 86, 4),
(76, 48, 2),
(77, 48, 2),
(78, 48, 2),
(79, 48, 2),
(80, 48, 2),
(81, 48, 2),
(82, 48, 2),
(83, 48, 2),
(84, 48, 2),
(85, 48, 2),
(86, 48, 2),
(87, 48, 2),
(88, 48, 2),
(89, 48, 2),
(90, 128, 2),
(91, 44, 2),
(92, 1, 16),
(93, 1, 16),
(94, 128, 2),
(95, 384, 1),
(96, 1, 16),
(97, 41, 2),
(98, 45, 2),
(99, 23, 2),
(100, 28, 1),
(101, 50, 1),
(102, 25, 2),
(103, 1, 16),
(104, 14, 2),
(105, 34, 2),
(106, 72, 1),
(107, 45, 2),
(108, 34, 1),
(109, 28, 1),
(110, 46, 2),
(111, 94, 4),
(112, 128, 1),
(113, 128, 2),
(114, 896, 2),
(115, 1, 16),
(116, 17, 2),
(117, 15, 4),
(118, 7, 4),
(119, 30, 1),
(120, 12, 2),
(121, 67, 1),
(122, 62, 2),
(123, 77, 1),
(124, 64, 1),
(125, 32, 2),
(126, 25, 2),
(127, 31, 2),
(128, 56, 2),
(129, 13, 1),
(130, 57, 1),
(131, 96, 2),
(132, 40, 1),
(133, 48, 2),
(134, 20, 1),
(136, 64, 1),
(137, 64, 2),
(138, 48, 2),
(139, 20, 1),
(140, 32, 1),
(141, 32, 1),
(142, 32, 2),
(143, 640, 2),
(144, 128, 1),
(145, 128, 2),
(146, 33, 2),
(147, 1, 16),
(148, 15, 1),
(149, 1, 14),
(150, 22, 2),
(151, 5, 1),
(152, 1, 7),
(153, 1, 7),
(154, 128, 1),
(155, 77, 1),
(156, 128, 1),
(157, 77, 1),
(158, 77, 1),
(159, 128, 1),
(160, 80, 1),
(161, 128, 1),
(162, 128, 1),
(163, 128, 1),
(164, 128, 1),
(165, 128, 1),
(166, 128, 1),
(167, 128, 1),
(168, 128, 1),
(169, 128, 1),
(170, 128, 1),
(171, 128, 1),
(172, 128, 1),
(173, 128, 1),
(174, 32, 1),
(175, 128, 1),
(176, 128, 1),
(177, 128, 1),
(178, 128, 1),
(179, 128, 1),
(180, 128, 1),
(181, 128, 1),
(182, 128, 1),
(183, 128, 1),
(184, 128, 1),
(185, 128, 1),
(186, 128, 1),
(187, 128, 1),
(188, 128, 1),
(189, 128, 1),
(190, 128, 1),
(191, 128, 1),
(192, 128, 1),
(193, 128, 1),
(194, 128, 1),
(195, 128, 1),
(196, 128, 1),
(197, 128, 1),
(198, 128, 1),
(199, 128, 1),
(200, 128, 1),
(201, 128, 1),
(202, 128, 1),
(203, 128, 1),
(204, 128, 1),
(205, 128, 1),
(206, 128, 1),
(207, 128, 1),
(208, 128, 1),
(209, 128, 1),
(210, 128, 1),
(211, 128, 1),
(212, 128, 1),
(213, 128, 1),
(214, 128, 1),
(215, 128, 1),
(216, 128, 1),
(217, 128, 1),
(218, 128, 1),
(219, 128, 1),
(220, 128, 1),
(221, 128, 1),
(222, 128, 1),
(223, 128, 1),
(224, 128, 1),
(225, 128, 1),
(226, 128, 1),
(227, 128, 1),
(228, 128, 1),
(229, 128, 1),
(230, 128, 1),
(231, 128, 1),
(232, 128, 1),
(233, 128, 1),
(234, 128, 1),
(235, 128, 1),
(236, 128, 1),
(237, 128, 1),
(238, 128, 1),
(239, 128, 1),
(240, 128, 1),
(241, 128, 1),
(242, 128, 1),
(243, 128, 1),
(244, 128, 1),
(245, 128, 1),
(246, 128, 1),
(247, 128, 1),
(248, 128, 1),
(249, 128, 1),
(250, 128, 1),
(251, 128, 1),
(252, 128, 1),
(253, 128, 1),
(254, 128, 1),
(255, 128, 1),
(256, 128, 1),
(257, 128, 1),
(258, 128, 1),
(259, 128, 1),
(260, 128, 1),
(261, 128, 1),
(262, 128, 1),
(263, 128, 1),
(264, 128, 1),
(265, 128, 1),
(266, 128, 1),
(267, 128, 1),
(268, 128, 1),
(269, 128, 1),
(270, 128, 1),
(271, 128, 1),
(272, 128, 1),
(273, 128, 1),
(274, 128, 1),
(275, 128, 1),
(276, 128, 1),
(277, 128, 1),
(278, 128, 1),
(279, 128, 1),
(280, 128, 1),
(281, 128, 1),
(282, 128, 1),
(283, 128, 1),
(284, 128, 1),
(285, 128, 1),
(286, 128, 1),
(287, 128, 1),
(288, 128, 1),
(289, 128, 1),
(290, 128, 1),
(291, 128, 1),
(292, 128, 1),
(293, 128, 1),
(294, 128, 1),
(295, 128, 1),
(296, 128, 1),
(297, 128, 1),
(298, 128, 1),
(299, 128, 1),
(300, 128, 1),
(301, 128, 1),
(302, 128, 1),
(303, 128, 1),
(304, 128, 1),
(305, 128, 1),
(306, 128, 1),
(307, 128, 1),
(308, 128, 1),
(309, 128, 1),
(310, 128, 1),
(311, 128, 1),
(312, 128, 1),
(313, 128, 1),
(314, 128, 1),
(315, 128, 1),
(316, 128, 1),
(317, 128, 1),
(318, 128, 1),
(319, 128, 1),
(320, 128, 1),
(321, 128, 1),
(322, 128, 1),
(323, 128, 1),
(324, 128, 1),
(325, 128, 1),
(326, 128, 1),
(327, 128, 1),
(328, 128, 1),
(329, 128, 1),
(330, 128, 1),
(331, 384, 1),
(332, 128, 1),
(333, 1026, 1),
(334, 64, 1),
(335, 1154, 1),
(336, 1282, 1),
(337, 1410, 1),
(338, 1538, 1),
(339, 898, 1),
(340, 640, 1),
(341, 128, 1),
(342, 1794, 1),
(343, 256, 1),
(344, 128, 1),
(345, 1666, 1),
(346, 128, 1),
(347, 1922, 1),
(348, 128, 2),
(349, 128, 2),
(350, 128, 2),
(351, 128, 2),
(352, 128, 2),
(353, 128, 2),
(354, 128, 2),
(355, 128, 2),
(356, 128, 2),
(357, 128, 2),
(358, 128, 2),
(359, 512, 2),
(360, 128, 2),
(361, 256, 2),
(362, 128, 5),
(363, 128, 5),
(364, 128, 5),
(365, 128, 5),
(366, 128, 5),
(367, 92, 5),
(368, 128, 5),
(369, 128, 5),
(370, 128, 5),
(371, 128, 5),
(372, 128, 5),
(373, 128, 5),
(374, 128, 5),
(375, 128, 5),
(376, 128, 5),
(377, 128, 5),
(378, 128, 5),
(379, 128, 5),
(380, 128, 5),
(381, 256, 5),
(382, 28, 5),
(383, 128, 2),
(384, 0, 2),
(385, 98, 2),
(386, 128, 3),
(387, 128, 3),
(388, 128, 3),
(389, 128, 3),
(390, 128, 3),
(391, 128, 3),
(392, 128, 3),
(393, 128, 3),
(394, 128, 3),
(395, 128, 3),
(396, 128, 3),
(397, 128, 3),
(398, 128, 3),
(399, 128, 3),
(400, 128, 3),
(401, 128, 3),
(402, 128, 3),
(403, 128, 3),
(404, 128, 3),
(405, 128, 3),
(406, 128, 3),
(407, 128, 3),
(408, 128, 3),
(409, 128, 3),
(410, 128, 3),
(411, 128, 3),
(412, 128, 3),
(413, 128, 3),
(414, 128, 3),
(415, 128, 3),
(416, 128, 3),
(417, 128, 3),
(418, 128, 3),
(419, 128, 3),
(420, 128, 3),
(421, 128, 3),
(422, 128, 3),
(423, 128, 3),
(424, 128, 3),
(425, 128, 3),
(426, 128, 3),
(427, 128, 3),
(428, 128, 3),
(429, 128, 3),
(430, 128, 3),
(431, 128, 3),
(432, 128, 3),
(433, 128, 3),
(434, 128, 3),
(435, 128, 3),
(436, 128, 3),
(437, 128, 3),
(438, 128, 3),
(439, 128, 3),
(440, 128, 3),
(441, 128, 3),
(442, 128, 3),
(443, 128, 3),
(444, 128, 3),
(445, 128, 3),
(446, 128, 3),
(447, 128, 3),
(448, 128, 3),
(449, 128, 3),
(450, 128, 3),
(451, 128, 3),
(452, 128, 3),
(453, 128, 3),
(454, 128, 3),
(455, 128, 3),
(456, 128, 3),
(457, 128, 3),
(458, 128, 3),
(459, 128, 3),
(460, 128, 3),
(461, 128, 3),
(462, 128, 3),
(463, 128, 3),
(464, 128, 3),
(465, 128, 3),
(466, 128, 3),
(467, 128, 3),
(468, 128, 3),
(469, 128, 3),
(470, 128, 3),
(471, 128, 3),
(472, 128, 3),
(473, 128, 3),
(474, 128, 3),
(475, 128, 3),
(476, 128, 3),
(477, 128, 3),
(478, 128, 3),
(479, 128, 3),
(480, 128, 3),
(481, 128, 3),
(482, 128, 3),
(483, 128, 3),
(484, 128, 3),
(485, 128, 3),
(486, 128, 3),
(487, 128, 3),
(488, 128, 3),
(489, 128, 3),
(490, 128, 3),
(491, 128, 3),
(492, 256, 3),
(493, 768, 3),
(494, 640, 3),
(495, 384, 3),
(496, 512, 3),
(497, 640, 3),
(498, 128, 3),
(499, 128, 3),
(500, 128, 3),
(501, 128, 3),
(502, 512, 3),
(503, 1471, 3),
(504, 128, 3),
(505, 256, 3),
(506, 128, 3),
(507, 128, 3),
(508, 128, 3),
(509, 128, 3),
(510, 64, 3),
(511, 49, 3),
(512, 128, 1),
(513, 128, 1),
(514, 128, 1),
(515, 128, 1),
(516, 128, 1),
(517, 128, 1),
(518, 128, 1),
(519, 128, 1),
(520, 128, 1),
(521, 128, 1),
(522, 128, 1),
(523, 128, 1),
(524, 128, 1),
(525, 128, 1),
(526, 128, 1),
(527, 229, 1),
(528, 357, 1),
(529, 485, 1),
(530, 1381, 1),
(531, 128, 1),
(532, 512, 1),
(533, 128, 2),
(534, 128, 2),
(535, 128, 2),
(536, 128, 2),
(537, 128, 2),
(538, 128, 2),
(539, 128, 2),
(540, 128, 2),
(541, 128, 2),
(542, 128, 2),
(543, 128, 2),
(544, 128, 2),
(545, 128, 2),
(546, 128, 2),
(547, 128, 2),
(548, 128, 2),
(549, 128, 2),
(550, 128, 2),
(551, 128, 2),
(552, 128, 2),
(553, 128, 2),
(554, 128, 2),
(555, 128, 2),
(556, 128, 2),
(557, 128, 2),
(558, 128, 2),
(559, 128, 2),
(560, 128, 2),
(561, 128, 2),
(562, 128, 2),
(563, 128, 2),
(564, 128, 2),
(565, 128, 2),
(566, 128, 2),
(567, 128, 2),
(568, 128, 2),
(569, 128, 2),
(570, 128, 2),
(571, 128, 2),
(572, 128, 2),
(573, 128, 2),
(574, 128, 2),
(575, 128, 2),
(576, 128, 2),
(577, 128, 2),
(578, 128, 2),
(579, 128, 2),
(580, 128, 2),
(581, 128, 2),
(582, 128, 2),
(583, 128, 2),
(584, 128, 2),
(585, 128, 2),
(586, 128, 2),
(587, 128, 2),
(588, 128, 2),
(589, 128, 2),
(590, 128, 2),
(591, 128, 2),
(592, 128, 2),
(593, 128, 2),
(594, 128, 2),
(595, 128, 2),
(596, 128, 2),
(597, 128, 2),
(598, 128, 2),
(599, 128, 2),
(600, 128, 2),
(601, 128, 2),
(602, 128, 2),
(603, 128, 2),
(604, 128, 2),
(605, 128, 2),
(606, 128, 2),
(607, 128, 2),
(608, 128, 2),
(609, 128, 2),
(610, 128, 2),
(611, 128, 2),
(612, 128, 2),
(613, 128, 2),
(614, 128, 2),
(615, 128, 2),
(616, 128, 2),
(617, 128, 2),
(618, 128, 2),
(619, 128, 2),
(620, 128, 2),
(621, 128, 2),
(622, 128, 2),
(623, 128, 2),
(624, 128, 2),
(625, 128, 2),
(626, 128, 2),
(627, 128, 2),
(628, 128, 2),
(629, 128, 2),
(630, 128, 2),
(631, 128, 2),
(632, 128, 2),
(633, 128, 2),
(634, 128, 2),
(635, 128, 2),
(636, 128, 2),
(637, 128, 2),
(638, 128, 2),
(639, 128, 2),
(640, 1408, 2),
(641, 128, 2),
(642, 896, 2),
(643, 640, 2),
(644, 256, 2),
(645, 128, 2),
(646, 128, 2),
(647, 768, 2),
(648, 128, 2),
(649, 256, 2),
(650, 384, 2),
(651, 512, 2),
(652, 1, 2),
(653, 2, 2),
(654, 102, 2),
(655, 128, 2),
(656, 128, 2),
(657, 128, 2),
(658, 128, 2),
(659, 128, 2),
(660, 128, 2),
(661, 128, 2),
(662, 128, 2),
(663, 128, 2),
(664, 128, 2),
(665, 128, 2),
(666, 128, 2),
(667, 128, 2),
(668, 128, 2),
(669, 128, 2),
(670, 128, 2),
(671, 128, 2),
(672, 128, 2),
(673, 128, 2),
(674, 128, 2),
(675, 128, 2),
(676, 128, 2),
(677, 128, 2),
(678, 128, 2),
(679, 128, 2),
(680, 128, 2),
(681, 128, 2),
(682, 128, 2),
(683, 128, 2),
(684, 128, 2),
(685, 128, 2),
(686, 128, 2),
(687, 128, 2),
(688, 128, 2),
(689, 128, 2),
(690, 128, 2),
(691, 128, 2),
(692, 128, 2),
(693, 128, 2),
(694, 128, 2),
(695, 128, 2),
(696, 128, 2),
(697, 128, 2),
(698, 78, 2),
(699, 128, 1),
(700, 128, 1),
(701, 128, 1),
(702, 128, 1),
(703, 128, 1),
(704, 128, 1),
(705, 128, 1),
(706, 256, 1),
(707, 128, 1),
(708, 128, 1),
(709, 128, 1),
(710, 128, 1),
(711, 128, 1),
(712, 128, 1),
(713, 128, 1),
(714, 28, 1),
(715, 128, 2),
(716, 128, 2),
(717, 128, 2),
(718, 128, 2),
(719, 256, 2),
(720, 128, 2),
(721, 128, 2),
(722, 128, 2),
(723, 128, 2),
(724, 128, 2),
(725, 128, 2),
(726, 128, 2),
(727, 128, 2),
(728, 128, 2),
(729, 128, 2),
(730, 128, 2),
(731, 128, 2),
(732, 128, 2),
(733, 128, 2),
(734, 128, 2),
(735, 128, 2),
(736, 128, 2),
(737, 128, 2),
(738, 128, 2),
(739, 128, 2),
(740, 128, 2),
(741, 128, 2),
(742, 128, 2),
(743, 128, 2),
(744, 128, 2),
(745, 128, 2),
(746, 128, 2),
(747, 128, 2),
(748, 128, 2),
(749, 128, 2),
(750, 128, 2),
(751, 128, 2),
(752, 128, 2),
(753, 44, 2),
(754, 1, 16),
(755, 1, 16),
(756, 1, 16),
(757, 1, 16),
(758, 1, 12),
(759, 1, 12),
(760, 1, 10),
(761, 1, 10),
(762, 1, 11),
(763, 1, 11),
(764, 1, 11),
(765, 1, 11),
(766, 1, 11),
(767, 1, 11),
(768, 1, 11),
(769, 1, 11),
(770, 1, 11),
(771, 1, 11),
(772, 1, 12),
(773, 1, 12),
(774, 1, 10),
(775, 1, 13),
(776, 1, 13),
(777, 1, 13),
(778, 1, 13),
(779, 1, 9),
(780, 1, 9),
(781, 1, 9),
(782, 1, 9),
(783, 1, 9),
(784, 1, 8),
(785, 1, 8),
(786, 1, 9),
(787, 1, 8),
(788, 1, 8),
(789, 1, 7),
(790, 1, 7),
(791, 1, 7),
(792, 1, 9),
(793, 1, 9),
(794, 1, 7),
(795, 1, 7),
(796, 1, 7),
(797, 1, 7),
(798, 1, 7),
(799, 1, 7),
(800, 1, 7),
(801, 1, 7),
(802, 1, 7),
(803, 1, 7),
(804, 1, 7),
(805, 1, 7),
(806, 1, 7),
(807, 1, 7),
(808, 32, 1),
(809, 64, 1),
(810, 128, 1),
(811, 128, 1),
(812, 512, 1),
(813, 1, 9),
(814, 1, 9),
(815, 1, 9),
(816, 1, 9),
(817, 1, 9),
(818, 1, 9),
(819, 1, 9),
(820, 50, 2),
(821, 115, 2),
(822, 130, 1),
(823, 128, 1),
(824, 128, 1),
(825, 128, 1),
(826, 128, 1),
(827, 128, 1),
(828, 128, 1),
(829, 128, 1),
(830, 74, 1),
(831, 1, 7),
(832, 1, 7),
(833, 1, 10),
(834, 1, 10),
(835, 1, 13),
(836, 1, 13),
(837, 1, 15),
(838, 1, 10),
(839, 1, 15),
(840, 1, 15),
(841, 1, 10),
(842, 1, 15),
(843, 1, 13),
(844, 1, 11),
(845, 1, 11),
(846, 1, 12),
(847, 1, 13),
(848, 1, 16),
(849, 1, 16),
(850, 1, 12),
(851, 1, 12),
(852, 1, 13),
(853, 1, 11),
(854, 1, 11),
(855, 1, 16),
(856, 1, 12),
(857, 1, 11),
(858, 1, 13),
(859, 1, 14),
(860, 1, 12),
(861, 1, 11),
(862, 1, 16),
(863, 1, 13),
(864, 1, 16),
(865, 1, 14),
(866, 1, 12),
(867, 1, 11),
(868, 1, 11),
(869, 1, 16),
(870, 1, 11),
(871, 1, 12),
(872, 1, 11),
(873, 1, 16),
(874, 1, 11),
(875, 1, 16),
(876, 1, 14),
(877, 1, 16),
(878, 1, 11),
(879, 1, 11),
(880, 1, 16),
(881, 1, 16),
(882, 1, 11),
(883, 1, 13),
(884, 1, 14),
(885, 1, 11),
(886, 1, 10),
(887, 1, 10),
(888, 1, 13),
(889, 1, 13),
(890, 1, 15),
(891, 1, 15),
(892, 1, 15),
(893, 1, 15),
(894, 1, 13),
(895, 1, 13),
(896, 1, 7),
(897, 1, 7),
(898, 101, 1),
(899, 1, 13),
(900, 1, 10),
(901, 1, 15),
(902, 1, 13),
(903, 1, 15),
(904, 1, 10),
(905, 1, 13),
(906, 3187, 1),
(907, 11, 2),
(908, 19, 1),
(909, 1, 16),
(910, 1, 10),
(911, 1, 10),
(912, 1, 10),
(913, 1, 10),
(914, 1, 10),
(915, 1, 10),
(916, 1, 10),
(917, 1, 10),
(918, 1, 10),
(919, 1, 10),
(920, 1, 10),
(921, 1, 15),
(922, 1, 15),
(923, 64, 1),
(924, 32, 1),
(925, 96, 1),
(926, 128, 1),
(927, 64, 1),
(928, 64, 1),
(929, 32, 1),
(930, 32, 1),
(931, 96, 1),
(932, 128, 1),
(933, 1, 10),
(934, 1, 10),
(935, 1, 13),
(936, 1, 10),
(937, 1, 15),
(938, 1, 10),
(939, 1, 10),
(940, 1, 13),
(941, 1, 10),
(942, 1, 15),
(943, 1, 15),
(944, 1, 15),
(945, 1, 15),
(946, 1, 13),
(947, 1, 13),
(948, 1, 10),
(949, 1, 10),
(950, 1, 10),
(951, 1, 10),
(952, 1, 10),
(953, 1, 10),
(954, 1, 10),
(955, 1, 15),
(956, 1, 15),
(957, 1, 32783),
(958, 1, 32783),
(959, 80, 32783),
(960, 21, 32783),
(961, 21, 32783),
(962, 21, 32783),
(963, 100, 32851),
(964, 200, 32851),
(965, 200, 32851),
(966, 200, 32851),
(967, 200, 32851),
(968, 200, 32851),
(969, 200, 32851),
(970, 200, 32851),
(971, 200, 32851),
(972, 200, 32851),
(973, 100, 32851),
(974, 200, 32851),
(975, 200, 32851),
(976, 200, 32851),
(977, 200, 32851),
(978, 1, 10),
(979, 1, 10),
(980, 1, 15),
(981, 1, 15),
(982, 1, 15),
(983, 1, 13),
(984, 1, 13),
(985, 1, 13),
(986, 1, 10),
(987, 1, 10),
(988, 1, 10),
(989, 1, 10),
(990, 1, 15),
(991, 1, 15),
(992, 1, 13),
(993, 1, 13),
(994, 1, 13),
(995, 1, 13),
(996, 1, 10),
(997, 1, 15),
(998, 1, 13),
(999, 1, 13),
(1000, 1, 10),
(1001, 1, 10),
(1002, 111, 19),
(1003, 1, 14),
(1004, 834, 2),
(1005, 834, 2),
(1006, 417, 2),
(1007, 417, 2),
(1008, 818, 2),
(1009, 409, 2),
(1010, 409, 2),
(1011, 0, 2),
(1012, 204, 2),
(1013, 0, 2),
(1014, 102, 2),
(1015, 0, 2),
(1016, 51, 2),
(1017, 26, 2),
(1018, 25, 2),
(1019, 13, 2),
(1020, 12, 2),
(1021, 409, 2),
(1022, 12, 2),
(1023, 0, 2),
(1024, 0, 2),
(1025, 392, 2),
(1026, 392, 2),
(1027, 392, 2),
(1028, 376, 2),
(1029, 376, 2),
(1030, 376, 2),
(1031, 376, 2),
(1032, 376, 2),
(1033, 13, 2),
(1034, 2, 2),
(1035, 2, 2),
(1036, 0, 2),
(1037, 13, 2),
(1038, 15, 2),
(1039, 10, 2),
(1040, 0, 2),
(1041, 374, 2),
(1042, 289, 2),
(1043, 289, 2),
(1044, 289, 2),
(1045, 289, 2),
(1046, 289, 2),
(1047, 267, 2),
(1048, 267, 2),
(1049, 267, 2),
(1050, 267, 2),
(1051, 0, 2),
(1052, 1000, 5),
(1053, 1000, 18),
(1054, 960, 5),
(1055, 1000, 5),
(1056, 960, 5),
(1057, 996, 5),
(1058, 960, 18),
(1059, 996, 18),
(1060, 956, 5),
(1061, 995, 5),
(1062, 1, 16),
(1063, 0, 2),
(1064, 200, 1),
(1065, 200, 1),
(1066, 200, 1),
(1067, 120, 1),
(1068, 120, 1),
(1069, 49, 1),
(1070, 1, 10),
(1071, 1, 15),
(1072, 1, 10),
(1073, 1, 10),
(1074, 1, 15),
(1075, 1, 15),
(1076, 1, 13),
(1077, 1, 10),
(1078, 1, 10),
(1079, 1, 15),
(1080, 1, 10),
(1081, 1, 10),
(1082, 1, 10),
(1083, 1, 15),
(1084, 1, 10),
(1085, 1, 983041),
(1086, 1, 10),
(1087, 1, 983066),
(1088, 1, 983066);

-- --------------------------------------------------------

--
-- Structure de la table `spaceumad_itemtier`
--

CREATE TABLE IF NOT EXISTS `spaceumad_itemtier` (
  `mIdItemTier` int(11) NOT NULL AUTO_INCREMENT,
  `mDescription` varchar(255) DEFAULT NULL,
  `mName` varchar(255) DEFAULT NULL,
  PRIMARY KEY (`mIdItemTier`)
) ENGINE=MyISAM  DEFAULT CHARSET=latin1 AUTO_INCREMENT=6 ;

--
-- Contenu de la table `spaceumad_itemtier`
--

INSERT INTO `spaceumad_itemtier` (`mIdItemTier`, `mDescription`, `mName`) VALUES
(1, 'itemTierIDescription', 'itemTierIName'),
(2, 'itemTierIIDescription', 'itemTierIIName'),
(3, 'itemTierIIIDescription', 'itemTierIIIName'),
(4, 'itemTierIVDescription', 'itemTierIVName'),
(5, 'itemTierVDescription', 'itemTierVName');

-- --------------------------------------------------------

--
-- Structure de la table `spaceumad_itemtype`
--

CREATE TABLE IF NOT EXISTS `spaceumad_itemtype` (
  `mIdItemType` int(11) NOT NULL AUTO_INCREMENT,
  `mDescription` varchar(255) DEFAULT NULL,
  `mIcon` varchar(255) DEFAULT NULL,
  `mName` varchar(255) DEFAULT NULL,
  `mParent_mIdItemType` int(11) DEFAULT NULL,
  PRIMARY KEY (`mIdItemType`),
  KEY `FK57FA308BF22882E9` (`mParent_mIdItemType`)
) ENGINE=MyISAM  DEFAULT CHARSET=latin1 AUTO_INCREMENT=81 ;

--
-- Contenu de la table `spaceumad_itemtype`
--

INSERT INTO `spaceumad_itemtype` (`mIdItemType`, `mDescription`, `mIcon`, `mName`, `mParent_mIdItemType`) VALUES
(1, 'itemTypeElementDescription', '1-0', 'itemTypeElementName', NULL),
(2, 'itemTypeGemDescription', '1-0', 'itemTypeGemName', NULL),
(3, 'itemTypeOreDescription', '1-0', 'itemTypeOreName', NULL),
(4, 'itemTypeCalciteDescription', '1-0', 'itemTypeCalciteName', 3),
(5, 'itemTypeCopperDescription', '1-0', 'itemTypeCopperName', 3),
(6, 'itemTypeFeldsparDescription', '1-0', 'itemTypeFeldsparName', 3),
(7, 'itemTypeIronDescription', '1-0', 'itemTypeIronName', 3),
(8, 'itemTypeMetalDescription', '1-0', 'itemTypeMetalName', 3),
(9, 'itemTypeOreOtherDescription', '1-0', 'itemTypeOreOtherName', 3),
(10, 'itemTypeSilicateDescription', '1-0', 'itemTypeSilicateName', 3),
(11, 'itemTypeShipDescription', '0-1', 'itemTypeShipName', NULL),
(12, 'itemTypeShipStuffDescription', '1-0', 'itemTypeShipStuffName', NULL),
(13, 'itemTypeAsteroidScannerDescription', '1-0', 'itemTypeAsteroidScannerName', 12),
(14, 'itemTypeDistrubtorDescription', '1-0', 'itemTypeDistrubtorName', 12),
(15, 'itemTypeScannerDescription', '1-0', 'itemTypeScannerName', 12),
(16, 'itemTypeShipUpgradeDescription', '1-0', 'itemTypeShipUpgradeName', NULL),
(17, 'itemTypeArmorUpgradeDescription', '1-0', 'itemTypeArmorUpgradeName', 16),
(18, 'itemTypeCargoUpgradeDescription', '1-0', 'itemTypeCargoUpgradeName', 16),
(19, 'itemTypePropulsionUpgradeDescription', '1-0', 'itemTypePropulsionUpgradeName', 16),
(20, 'itemTypeShieldUpgradeDescription', '1-0', 'itemTypeShieldUpgradeName', 16),
(21, 'itemTypeStructureUpgradeDescription', '1-0', 'itemTypeStructureUpgradeName', 16),
(22, 'itemTypeWeaponUpgradeDescription', '1-0', 'itemTypeWeaponUpgradeName', 16),
(23, 'itemTypeWeaponDescription', '0-2', 'itemTypeWeaponName', NULL),
(24, 'itemTypeWeaponKineticDescription', '1-2', 'itemTypeWeaponKineticName', 23),
(25, 'itemTypeWeaponLazerDescription', '1-3', 'itemTypeWeaponLazerName', 23),
(27, 'itemTypeStationDescription', '1-0', 'itemTypeStationName', NULL),
(28, 'itemTypeStationMineralDescription', '1-0', 'itemTypeStationMineralName', 27),
(29, 'itemTypeStationOrbitalDescription', '1-0', 'itemTypeStationOrbitalName', 27),
(30, 'itemTypeAmmoDescription', '0-0', 'itemTypeAmmoName', NULL),
(31, 'itemTypeAmmoKineticDescription', '1-1', 'itemTypeAmmoKineticName', 30),
(32, 'itemTypeAmmoLaserDescription', '5-1', 'itemTypeAmmoLaserName', 30),
(33, 'itemTypeAmmoMissileDescription', '10-1', 'itemTypeAmmoMissileName', 30),
(35, 'itemTypeShipFrigateDescription', '0-1', 'itemTypeShipFrigateName', 11),
(36, 'itemTypeShipCruiserDescription', '0-1', 'itemTypeShipCruiserName', 11),
(37, 'itemTypeWeaponTurretDescription', '1-0', 'itemTypeWeaponTurretName', 23),
(38, 'itemTypeWeaponTurretKineticDescription', '1-0', 'itemTypeWeaponTurretKineticName', 37),
(39, 'itemTypeWeaponTurretLaserDescription', '1-0', 'itemTypeWeaponTurretLaserName', 37),
(40, 'itemTypeWeaponTurretLauncherDescription', '1-0', 'itemTypeWeaponTurretLauncherName', 37),
(41, 'itemTypeShipDestroyerDescription', '0-1', 'itemTypeShipDestroyerName', 11),
(42, 'itemTypeShipBattleCruiserDescription', '0-1', 'itemTypeShipBattleCruiserName', 11),
(43, 'itemTypeShipBattleShipDescription', '0-1', 'itemTypeShipBattleShipName', 11),
(44, 'itemTypeShipMotherShipDescription', '0-1', 'itemTypeShipMotherShipName', 11),
(45, 'itemTypeShipBuilderDescription', '0-1', 'itemTypeShipBuilderName', 11),
(46, 'itemTypeShipTransporterDescription', '0-1', 'itemTypeShipTransporterName', 11),
(47, 'itemTypeWeaponKineticSmallDescription', '1-2', 'itemTypeWeaponKineticSmallName', 24),
(48, 'itemTypeWeaponKineticMediumDescription', '2-2', 'itemTypeWeaponKineticMediumName', 24),
(49, 'itemTypeWeaponKineticLargeDescription', '3-2', 'itemTypeWeaponKineticLargeName', 24),
(50, 'itemTypeWeaponKineticExtraLargeDescription', '4-2', 'itemTypeWeaponKineticExtraLargeName', 24),
(51, 'itemTypeWeaponLazerSmallDescription', '1-3', 'itemTypeWeaponLazerSmallName', 25),
(52, 'itemTypeWeaponLazerMediumDescription', '2-3', 'itemTypeWeaponLazerMediumName', 25),
(53, 'itemTypeWeaponLazerLargeDescription', '3-3', 'itemTypeWeaponLazerLargeName', 25),
(54, 'itemTypeWeaponLazerExtraLargeDescription', '4-3', 'itemTypeWeaponLazerExtraLargeName', 25),
(65, 'itemTypeAmmoKineticSmallDescription', '1-1', 'itemTypeAmmoKineticSmallName', 31),
(56, 'itemTypeWeaponMissileLauncherDescription', '1-4', 'itemTypeWeaponMissileLauncherName', 23),
(57, 'itemTypeWeaponMissileLauncherSmallDescription', '1-4', 'itemTypeWeaponMissileLauncherSmallName', 56),
(58, 'itemTypeWeaponMissileLauncherMediumDescription', '2-4', 'itemTypeWeaponMissileLauncherMediumName', 56),
(59, 'itemTypeWeaponMissileLauncherLargeDescription', '3-4', 'itemTypeWeaponMissileLauncherLargeName', 56),
(60, 'itemTypeWeaponMissileLauncherExtraLargeDescription', '4-4', 'itemTypeWeaponMissileLauncherExtraLargeName', 56),
(66, 'itemTypeAmmoKineticMediumDescription', '2-1', 'itemTypeAmmoKineticMediumName', 31),
(67, 'itemTypeAmmoKineticLargeDescription', '3-1', 'itemTypeAmmoKineticLargeName', 31),
(68, 'itemTypeAmmoKineticExtraLargeDescription', '4-1', 'itemTypeAmmoKineticExtraLargeName', 31),
(69, 'itemTypeAmmoLaserSmallDescription', '6-1', 'itemTypeAmmoLaserSmallName', 32),
(70, 'itemTypeAmmoLaserMediumDescription', '7-1', 'itemTypeAmmoLaserMediumName', 32),
(71, 'itemTypeAmmoLaserLargeDescription', '8-1', 'itemTypeAmmoLaserLargeName', 32),
(72, 'itemTypeAmmoLaserExtraLargeDescription', '9-1', 'itemTypeAmmoLaserExtraLargeName', 32),
(73, 'itemTypeAmmoMissileSmallDescription', '11-1', 'itemTypeAmmoMissileSmallName', 33),
(74, 'itemTypeAmmoMissileMediumDescription', '12-1', 'itemTypeAmmoMissileMediumName', 33),
(75, 'itemTypeAmmoMissileLargeDescription', '13-1', 'itemTypeAmmoMissileLargeName', 33),
(76, 'itemTypeAmmoMissileExtraLargeDescription', '14-1', 'itemTypeAmmoMissileExtraLargeName', 33);

-- --------------------------------------------------------

--
-- Structure de la table `spaceumad_job`
--

CREATE TABLE IF NOT EXISTS `spaceumad_job` (
  `mIdJob` int(11) NOT NULL AUTO_INCREMENT,
  `mBonus` varchar(255) DEFAULT NULL,
  `mBonusCount` int(11) NOT NULL,
  `mDescription` varchar(255) DEFAULT NULL,
  `mName` varchar(255) DEFAULT NULL,
  `mSpriteId` varchar(255) DEFAULT NULL,
  PRIMARY KEY (`mIdJob`)
) ENGINE=MyISAM  DEFAULT CHARSET=latin1 AUTO_INCREMENT=5 ;

--
-- Contenu de la table `spaceumad_job`
--

INSERT INTO `spaceumad_job` (`mIdJob`, `mBonus`, `mBonusCount`, `mDescription`, `mName`, `mSpriteId`) VALUES
(1, ';0(12);1(9);', 2, 'jobMercenaryDescription', 'jobMercenaryName', '0-0'),
(2, ';0(7);', 1, 'jobIndustrialistDescription', 'jobIndustrialistName', '1-0'),
(3, NULL, 0, 'jobTraderDescription', 'jobTraderName', '2-0'),
(4, ';5(26);', 1, 'jobBuilderDescription', 'jobBuilderName', '3-0');

-- --------------------------------------------------------

--
-- Structure de la table `spaceumad_npcshipmodel`
--

CREATE TABLE IF NOT EXISTS `spaceumad_npcshipmodel` (
  `mIdNpcShipModel` int(11) NOT NULL AUTO_INCREMENT,
  `mCharacterLevelMax` int(11) NOT NULL,
  `mCharacterLevelMin` int(11) NOT NULL,
  `mLevelMax` int(11) NOT NULL,
  `mLevelMin` int(11) NOT NULL,
  `mLootCreditMax` bigint(20) NOT NULL,
  `mLootCreditMin` bigint(20) NOT NULL,
  `mLootExprerience` bigint(20) NOT NULL,
  `mName` varchar(255) DEFAULT NULL,
  `mIdNpcType` int(11) DEFAULT NULL,
  `mIdShipModel` int(11) DEFAULT NULL,
  PRIMARY KEY (`mIdNpcShipModel`),
  KEY `FKAEA9016A3B341E8F` (`mIdShipModel`),
  KEY `FKAEA9016A990A1BD2` (`mIdNpcType`)
) ENGINE=MyISAM DEFAULT CHARSET=latin1 AUTO_INCREMENT=1 ;

--
-- Contenu de la table `spaceumad_npcshipmodel`
--


-- --------------------------------------------------------

--
-- Structure de la table `spaceumad_npctype`
--

CREATE TABLE IF NOT EXISTS `spaceumad_npctype` (
  `mIdNpcType` int(11) NOT NULL AUTO_INCREMENT,
  `mAggressive` bit(1) NOT NULL,
  `mColor` varchar(255) DEFAULT NULL,
  `mName` varchar(255) DEFAULT NULL,
  PRIMARY KEY (`mIdNpcType`)
) ENGINE=MyISAM DEFAULT CHARSET=latin1 AUTO_INCREMENT=1 ;

--
-- Contenu de la table `spaceumad_npctype`
--


-- --------------------------------------------------------

--
-- Structure de la table `spaceumad_patchnote`
--

CREATE TABLE IF NOT EXISTS `spaceumad_patchnote` (
  `mIdPatchNote` int(11) NOT NULL AUTO_INCREMENT,
  `mActive` bit(1) NOT NULL,
  `mComment` varchar(255) DEFAULT NULL,
  `mDate` datetime DEFAULT NULL,
  `mDownloadPath` varchar(255) DEFAULT NULL,
  `mRelease` varchar(255) DEFAULT NULL,
  PRIMARY KEY (`mIdPatchNote`)
) ENGINE=MyISAM DEFAULT CHARSET=latin1 AUTO_INCREMENT=1 ;

--
-- Contenu de la table `spaceumad_patchnote`
--


-- --------------------------------------------------------

--
-- Structure de la table `spaceumad_patchnotefeature`
--

CREATE TABLE IF NOT EXISTS `spaceumad_patchnotefeature` (
  `mIdPatchNoteFeature` int(11) NOT NULL AUTO_INCREMENT,
  `mContent` varchar(255) DEFAULT NULL,
  `mIdPatchNote` int(11) DEFAULT NULL,
  PRIMARY KEY (`mIdPatchNoteFeature`),
  KEY `FK3992033AE79CD5DF` (`mIdPatchNote`)
) ENGINE=MyISAM DEFAULT CHARSET=latin1 AUTO_INCREMENT=1 ;

--
-- Contenu de la table `spaceumad_patchnotefeature`
--


-- --------------------------------------------------------

--
-- Structure de la table `spaceumad_race`
--

CREATE TABLE IF NOT EXISTS `spaceumad_race` (
  `mIdRace` int(11) NOT NULL AUTO_INCREMENT,
  `mAvatarCount` int(11) NOT NULL,
  `mAvatarIndex` varchar(255) DEFAULT NULL,
  `mBonus` varchar(255) DEFAULT NULL,
  `mBonusCount` int(11) NOT NULL,
  `mDescription` varchar(255) DEFAULT NULL,
  `mName` varchar(255) DEFAULT NULL,
  `mSpriteId` varchar(255) DEFAULT NULL,
  PRIMARY KEY (`mIdRace`)
) ENGINE=MyISAM  DEFAULT CHARSET=latin1 AUTO_INCREMENT=3 ;

--
-- Contenu de la table `spaceumad_race`
--

INSERT INTO `spaceumad_race` (`mIdRace`, `mAvatarCount`, `mAvatarIndex`, `mBonus`, `mBonusCount`, `mDescription`, `mName`, `mSpriteId`) VALUES
(1, 10, ';0-0;1-0;2-0;3-0;4-0;5-0;6-0;7-0;8-0;9-0;', ';0(10);', 1, 'raceHumanDescription', 'raceHumanName', '0-0'),
(2, 5, ';0-1;1-1;2-1;3-1;4-1;', ';0(11);1(5);', 2, 'raceAndroidDescription', 'raceAndroidName', '1-0');

-- --------------------------------------------------------

--
-- Structure de la table `spaceumad_shipmodel`
--

CREATE TABLE IF NOT EXISTS `spaceumad_shipmodel` (
  `mIdItem` int(11) NOT NULL,
  PRIMARY KEY (`mIdItem`),
  KEY `FK6BBA366F6000BFBD` (`mIdItem`)
) ENGINE=MyISAM DEFAULT CHARSET=latin1;

--
-- Contenu de la table `spaceumad_shipmodel`
--

INSERT INTO `spaceumad_shipmodel` (`mIdItem`) VALUES
(7),
(8),
(9);

-- --------------------------------------------------------

--
-- Structure de la table `spaceumad_skill`
--

CREATE TABLE IF NOT EXISTS `spaceumad_skill` (
  `mIdSkill` int(11) NOT NULL AUTO_INCREMENT,
  `mDescription` varchar(255) DEFAULT NULL,
  `mName` varchar(255) DEFAULT NULL,
  `mSpriteId` varchar(255) DEFAULT NULL,
  PRIMARY KEY (`mIdSkill`)
) ENGINE=MyISAM  DEFAULT CHARSET=latin1 AUTO_INCREMENT=10 ;

--
-- Contenu de la table `spaceumad_skill`
--

INSERT INTO `spaceumad_skill` (`mIdSkill`, `mDescription`, `mName`, `mSpriteId`) VALUES
(1, 'skillFightingDescription', 'skillFightingName', '0-0'),
(2, 'skillDroneDescription', 'skillDroneName', '1-0'),
(3, 'skillSteeringDescription', 'skillSteeringName', '2-0'),
(4, 'skillMiningDescription', 'skillMiningName', '3-0'),
(5, 'skillCraftingDescription', 'skillCraftingName', '4-0'),
(6, 'skillAlchemyDescription', 'skillAlchemyName', '5-0'),
(7, 'skillBargainingDescription', 'skillBargainingName', '6-0'),
(8, 'skillSalvagingDescription', 'skillSalvagingName', '7-0'),
(9, 'skillConstructionDescription', 'skillConstructionName', '8-0');

-- --------------------------------------------------------

--
-- Structure de la table `spaceumad_user`
--

CREATE TABLE IF NOT EXISTS `spaceumad_user` (
  `mIdUser` int(11) NOT NULL AUTO_INCREMENT,
  `mAdmin` bit(1) NOT NULL,
  `mEmail` varchar(255) DEFAULT NULL,
  `mPassword` varchar(255) DEFAULT NULL,
  `mRegisterDate` datetime DEFAULT NULL,
  `mUsername` varchar(255) DEFAULT NULL,
  PRIMARY KEY (`mIdUser`)
) ENGINE=MyISAM  DEFAULT CHARSET=latin1 AUTO_INCREMENT=3 ;

--
-- Contenu de la table `spaceumad_user`
--

INSERT INTO `spaceumad_user` (`mIdUser`, `mAdmin`, `mEmail`, `mPassword`, `mRegisterDate`, `mUsername`) VALUES
(1, b'1', '92807@supinfo.com', 'c4278fa5c38518cf32b5799c9e66ed456908a31c', '2013-03-15 12:16:31', 'ikg'),
(2, b'0', 'watwat@watwat.ro', '7b754d59302ca2aaaa54dc6cd42a6e963d60d99c', '2013-09-03 14:30:25', 'watwat');

-- --------------------------------------------------------

--
-- Structure de la table `spaceumad_weapon`
--

CREATE TABLE IF NOT EXISTS `spaceumad_weapon` (
  `mIdWeapon` int(11) NOT NULL AUTO_INCREMENT,
  `mActif` bit(1) NOT NULL,
  `mAmmoCount` int(11) NOT NULL,
  `mIdAmmo` int(11) DEFAULT NULL,
  `mIdCharacterShip` int(11) DEFAULT NULL,
  `mIdWeaponModel` int(11) DEFAULT NULL,
  PRIMARY KEY (`mIdWeapon`),
  KEY `FKC33C815A6A83ADAF` (`mIdWeaponModel`),
  KEY `FKC33C815A6522F53F` (`mIdCharacterShip`),
  KEY `FKC33C815AC33F654E` (`mIdAmmo`)
) ENGINE=MyISAM  DEFAULT CHARSET=latin1 AUTO_INCREMENT=2294 ;

--
-- Contenu de la table `spaceumad_weapon`
--

INSERT INTO `spaceumad_weapon` (`mIdWeapon`, `mActif`, `mAmmoCount`, `mIdAmmo`, `mIdCharacterShip`, `mIdWeaponModel`) VALUES
(848, b'1', 53, 1, 22, 10),
(2293, b'1', 20, 3, 1, 15),
(2292, b'1', 20, 3, 1, 15),
(2291, b'1', 20, 3, 1, 13),
(845, b'1', 100, 1, 21, 10),
(363, b'1', 0, NULL, 8, 10),
(362, b'1', 0, NULL, 8, 10),
(17, b'1', 50, 1, 7, 10),
(16, b'1', 50, 1, 7, 10),
(15, b'1', 50, 2, 6, 10),
(14, b'1', 50, 1, 6, 12),
(20, b'1', 50, 1, 9, 10),
(21, b'1', 50, 1, 9, 10),
(22, b'1', 50, 1, 10, 10),
(23, b'1', 50, 1, 10, 10),
(24, b'1', 50, 1, 11, 10),
(25, b'1', 50, 1, 11, 10),
(26, b'1', 50, 1, 12, 10),
(27, b'1', 50, 1, 12, 10),
(28, b'1', 50, 1, 13, 10),
(29, b'1', 50, 1, 13, 10),
(30, b'1', 50, 1, 14, 10),
(31, b'1', 50, 1, 14, 10),
(32, b'1', 50, 1, 15, 10),
(33, b'1', 50, 1, 15, 10),
(34, b'1', 50, 1, 16, 10),
(35, b'1', 50, 1, 16, 10),
(36, b'1', 50, 1, 17, 10),
(37, b'1', 50, 1, 17, 10),
(38, b'1', 50, 1, 18, 10),
(39, b'1', 50, 1, 18, 10),
(40, b'1', 50, 1, 19, 10),
(41, b'1', 50, 1, 19, 10),
(853, b'1', 2, 1, 25, 10),
(361, b'1', 0, NULL, 8, 16),
(852, b'1', 100, 1, 24, 10),
(851, b'1', 100, 1, 24, 10),
(850, b'1', 100, 1, 23, 10),
(849, b'1', 100, 1, 23, 10),
(844, b'1', 100, 1, NULL, 10),
(847, b'1', 53, 1, 22, 10),
(846, b'1', 100, 1, 21, 10),
(2290, b'1', 20, 3, 1, 13),
(843, b'1', 100, 1, NULL, 10),
(2289, b'1', 40, 3, 1, 10),
(854, b'1', 2, 1, 25, 10),
(855, b'1', 100, 1, 26, 10),
(856, b'1', 100, 1, 26, 10),
(857, b'1', 100, 1, 27, 10),
(858, b'1', 100, 1, 27, 10),
(916, b'1', 0, NULL, 28, 10),
(915, b'1', 0, NULL, 28, 10),
(861, b'1', 0, NULL, 29, 10),
(862, b'1', 0, NULL, 29, 10),
(863, b'1', 0, NULL, 30, 10),
(864, b'1', 0, NULL, 30, 10),
(865, b'1', 0, NULL, 30, 10),
(866, b'1', 0, NULL, 30, 10),
(867, b'1', 0, NULL, 30, 10),
(868, b'1', 0, NULL, 30, 10),
(869, b'1', 0, NULL, 30, 10),
(870, b'1', 0, NULL, 30, 10),
(871, b'1', 0, NULL, 30, 10),
(872, b'1', 0, NULL, 30, 10),
(873, b'1', 0, NULL, 30, 10),
(874, b'1', 0, NULL, 30, 10),
(875, b'1', 0, NULL, 30, 10),
(876, b'1', 0, NULL, 30, 10),
(877, b'1', 0, NULL, 30, 10),
(878, b'1', 0, NULL, 30, 10),
(879, b'1', 0, NULL, 30, 10),
(880, b'1', 0, NULL, 30, 10),
(881, b'1', 0, NULL, 29, 10),
(882, b'1', 0, NULL, 29, 10),
(883, b'1', 0, NULL, 29, 10),
(884, b'1', 0, NULL, 29, 10),
(885, b'1', 0, NULL, 29, 10),
(886, b'1', 0, NULL, 29, 10),
(887, b'1', 0, NULL, 29, 10),
(888, b'1', 0, NULL, 29, 10),
(889, b'1', 0, NULL, 29, 10),
(890, b'1', 0, NULL, 29, 10),
(891, b'1', 0, NULL, 29, 10),
(892, b'1', 0, NULL, 29, 10),
(893, b'1', 0, NULL, 29, 10),
(894, b'1', 0, NULL, 29, 10),
(895, b'1', 0, NULL, 29, 10),
(896, b'1', 0, NULL, 29, 10),
(897, b'1', 0, NULL, 29, 10),
(898, b'1', 0, NULL, 29, 10),
(899, b'1', 0, NULL, 29, 10),
(919, b'1', 0, NULL, 31, 10),
(2288, b'1', 200, 3, 1, 16),
(920, b'1', 0, NULL, 31, 10),
(921, b'1', 0, NULL, 31, 15),
(934, b'1', 100, 1, 32, 10),
(933, b'1', 100, 1, 32, 10),
(2143, b'1', 40, 1, 33, 10),
(2142, b'1', 40, 1, 33, 10);

-- --------------------------------------------------------

--
-- Structure de la table `spaceumad_weaponmodel`
--

CREATE TABLE IF NOT EXISTS `spaceumad_weaponmodel` (
  `mIdItem` int(11) NOT NULL,
  `mAmmoMax` int(11) NOT NULL,
  `mAmmoTypeAllowed` varchar(255) DEFAULT NULL,
  `mDamageMultiplier` float NOT NULL,
  `mFireRate` float NOT NULL,
  `mRange` double NOT NULL,
  `mRangeAngle` double NOT NULL,
  `mReloadingSpeed` float NOT NULL,
  `mSoundReload` varchar(255) DEFAULT NULL,
  PRIMARY KEY (`mIdItem`),
  KEY `FKA334420F6000BFBD` (`mIdItem`)
) ENGINE=MyISAM DEFAULT CHARSET=latin1;

--
-- Contenu de la table `spaceumad_weaponmodel`
--

INSERT INTO `spaceumad_weaponmodel` (`mIdItem`, `mAmmoMax`, `mAmmoTypeAllowed`, `mDamageMultiplier`, `mFireRate`, `mRange`, `mRangeAngle`, `mReloadingSpeed`, `mSoundReload`) VALUES
(10, 40, '65', 4.62, 0.425, 805, 4.7, 1.7, 'weapon_kinetic_reload.wav'),
(11, 40, '65', 5.544, 0.425, 966, 4.7, 1.7, 'weapon_kinetic_reload.wav'),
(12, 20, '65', 6.403, 0.54, 1000, 3.8, 2.14, 'weapon_kinetic_reload.wav'),
(13, 20, '65', 7.684, 0.54, 1200, 3.8, 2.14, 'weapon_kinetic_reload.wav'),
(14, 40, '65', 5.742, 0.4, 966, 4.7, 1.62, 'weapon_kinetic_reload.wav'),
(15, 20, '65', 7.768, 0.51, 1200, 3.8, 2, 'weapon_kinetic_reload.wav'),
(16, 200, '65', 2.0625, 0.15, 800, 23.8, 0.6, 'weapon_kinetic_reload.wav'),
(17, 200, '65', 2.475, 0.15, 960, 23.8, 0.6, 'weapon_kinetic_reload.wav'),
(950272, 200, '65', 2.57895, 0.15, 960, 23.8, 0.6, 'weapon_kinetic_reload.wav'),
(950273, 160, '65', 2.475, 0.17, 900, 20.6, 0.68, 'weapon_kinetic_reload.wav'),
(950274, 160, '65', 2.97, 0.17, 1080, 20.6, 0.68, 'weapon_kinetic_reload.wav'),
(950275, 160, '65', 3.09375, 0.17, 1080, 20.6, 0.68, 'weapon_kinetic_reload.wav'),
(950276, 120, '65', 2.8875, 0.187, 1000, 18, 0.75, 'weapon_kinetic_reload.wav'),
(950277, 120, '65', 3.465, 0.187, 1200, 18, 0.75, 'weapon_kinetic_reload.wav'),
(950278, 120, '65', 3.6102, 0.187, 1200, 18, 0.75, 'weapon_kinetic_reload.wav'),
(983040, 40, '66', 4.62, 0.64, 1610, 1.56, 2.55, 'weapon_kinetic_reload.wav'),
(983041, 40, '66', 5.544, 0.64, 1932, 1.56, 2.55, 'weapon_kinetic_reload.wav'),
(983042, 40, '66', 5.544, 0.6, 1932, 1.56, 2.42, 'weapon_kinetic_reload.wav'),
(983043, 20, '66', 7.97, 1, 2000, 1.25, 4, 'weapon_kinetic_reload.wav'),
(983044, 20, '66', 9.56, 1, 2400, 1.25, 4, 'weapon_kinetic_reload.wav'),
(983045, 20, '66', 9.56, 0.95, 2400, 1.25, 4.75, 'weapon_kinetic_reload.wav'),
(983046, 160, '66', 2.31, 0.24, 1800, 6.84, 0.95, 'weapon_kinetic_reload.wav'),
(983047, 160, '66', 2.772, 0.24, 2160, 6.84, 0.95, 'weapon_kinetic_reload.wav'),
(983048, 160, '66', 2.8875, 0.22, 2160, 6.84, 0.88, 'weapon_kinetic_reload.wav'),
(983049, 120, '66', 2.8875, 0.28, 2000, 6, 1.12, 'weapon_kinetic_reload.wav'),
(983050, 120, '66', 3.465, 0.28, 2400, 6, 1.12, 'weapon_kinetic_reload.wav'),
(983051, 120, '66', 3.6102, 0.26, 2400, 6, 1, 'weapon_kinetic_reload.wav'),
(983052, 200, '66', 2.0625, 0.225, 1600, 7.92, 0.9, 'weapon_kinetic_reload.wav'),
(983053, 200, '66', 2.475, 0.225, 1920, 7.92, 0.9, 'weapon_kinetic_reload.wav'),
(983054, 200, '66', 2.57895, 0.225, 1920, 7.92, 0.9, 'weapon_kinetic_reload.wav'),
(983055, 40, '67', 5.082, 1.05, 3220, 0.65, 4.2, 'weapon_kinetic_reload.wav'),
(983056, 40, '67', 6.098, 1.05, 3864, 0.65, 4.21, 'weapon_kinetic_reload.wav'),
(983057, 40, '67', 6.098, 0.99, 3864, 0.65, 3.99, 'weapon_kinetic_reload.wav'),
(983058, 20, '67', 10.672, 2.01, 4000, 0.51, 8.03, 'weapon_kinetic_reload.wav'),
(983059, 20, '67', 12.807, 2.01, 4800, 0.51, 8.03, 'weapon_kinetic_reload.wav'),
(983060, 20, '67', 12.807, 1.91, 4800, 0.51, 7.63, 'weapon_kinetic_reload.wav'),
(983061, 40, '67', 6.708, 0.99, 3884, 0.65, 3.99, 'weapon_kinetic_reload.wav'),
(983062, 20, '67', 14.087, 1.91, 4800, 0.51, 7.63, 'weapon_kinetic_reload.wav'),
(983063, 120, '67', 2.695, 0.39, 1200, 2.46, 1.58, 'weapon_kinetic_reload.wav'),
(983064, 120, '67', 3.234, 0.39, 1440, 2.46, 1.58, 'weapon_kinetic_reload.wav'),
(983065, 120, '67', 3.369, 0.39, 1440, 2.46, 1.58, 'weapon_kinetic_reload.wav'),
(983066, 120, '67', 4.0425, 0.39, 1440, 2.46, 1.58, 'weapon_kinetic_reload.wav'),
(983067, 200, '67', 2.0625, 0.337, 960, 3.26, 1.35, 'weapon_kinetic_reload.wav'),
(983068, 200, '67', 2.475, 0.337, 1152, 3.26, 1.35, 'weapon_kinetic_reload.wav'),
(983069, 200, '67', 2.57895, 0.337, 1152, 3.26, 1.35, 'weapon_kinetic_reload.wav'),
(983070, 200, '67', 3.09375, 0.31, 1152, 3.26, 1.23, 'weapon_kinetic_reload.wav'),
(983071, 160, '67', 2.444, 0.375, 1080, 2.79, 1.5, 'weapon_kinetic_reload.wav'),
(983072, 160, '67', 2.933, 0.375, 1296, 2.79, 1.5, 'weapon_kinetic_reload.wav'),
(983073, 160, '67', 3.055, 0.375, 1296, 2.79, 1.5, 'weapon_kinetic_reload.wav'),
(983074, 160, '67', 3.666, 0.365, 1296, 2.79, 1.46, 'weapon_kinetic_reload.wav');
