-- phpMyAdmin SQL Dump
-- version 3.3.9
-- http://www.phpmyadmin.net
--
-- Serveur: localhost
-- Généré le : Lun 28 Octobre 2013 à 13:49
-- Version du serveur: 5.1.53
-- Version de PHP: 5.3.4

SET SQL_MODE="NO_AUTO_VALUE_ON_ZERO";


/*!40101 SET @OLD_CHARACTER_SET_CLIENT=@@CHARACTER_SET_CLIENT */;
/*!40101 SET @OLD_CHARACTER_SET_RESULTS=@@CHARACTER_SET_RESULTS */;
/*!40101 SET @OLD_COLLATION_CONNECTION=@@COLLATION_CONNECTION */;
/*!40101 SET NAMES utf8 */;

--
-- Base de données: `spaceumad`
--

-- --------------------------------------------------------

--
-- Structure de la table `hibernate_sequences`
--

CREATE TABLE IF NOT EXISTS `hibernate_sequences` (
  `sequence_name` varchar(255) DEFAULT NULL,
  `sequence_next_hi_value` int(11) DEFAULT NULL
) ENGINE=MyISAM DEFAULT CHARSET=latin1;

--
-- Contenu de la table `hibernate_sequences`
--

INSERT INTO `hibernate_sequences` (`sequence_name`, `sequence_next_hi_value`) VALUES
('spaceumad_item', 38);

-- --------------------------------------------------------

--
-- Structure de la table `spaceumad_ammomodel`
--

CREATE TABLE IF NOT EXISTS `spaceumad_ammomodel` (
  `mDamage` double NOT NULL,
  `mLifeTime` bigint(20) NOT NULL,
  `mProjectileColor` varchar(255) DEFAULT NULL,
  `mQuickening` float NOT NULL,
  `mSplashRadius` double NOT NULL,
  `mVelocity` float NOT NULL,
  `mIdItem` int(11) NOT NULL,
  `mIdAmmoType` int(11) DEFAULT NULL,
  `mProjectileScale` float NOT NULL,
  `mProjectileType` int(11) NOT NULL,
  `mSoundFire` varchar(255) DEFAULT NULL,
  PRIMARY KEY (`mIdItem`),
  KEY `FKD8345D1D6000BFBD` (`mIdItem`),
  KEY `FKD8345D1D9CCC5D9B` (`mIdAmmoType`)
) ENGINE=MyISAM DEFAULT CHARSET=latin1;

--
-- Contenu de la table `spaceumad_ammomodel`
--

INSERT INTO `spaceumad_ammomodel` (`mDamage`, `mLifeTime`, `mProjectileColor`, `mQuickening`, `mSplashRadius`, `mVelocity`, `mIdItem`, `mIdAmmoType`, `mProjectileScale`, `mProjectileType`, `mSoundFire`) VALUES
(5, 2, '#FFFFFF', 99999, 0, 2500, 1, 1, 0.5, 0, 'ammoKineticFire_01.ogg'),
(8, 2, '#FFFFFF', 99999, 0, 2500, 2, 1, 0.5, 0, 'ammoKineticFire_01.ogg'),
(5, 2, '#FFFFFF', 99999, 0, 2500, 3, 4, 0.5, 0, 'ammoKineticFire_01.ogg'),
(12, 2, '#FFFFFF', 99999, 0, 2500, 4, 4, 0.5, 0, 'ammoKineticFire_01.ogg'),
(5, 2, '#FFFFFF', 99999, 0, 2500, 5, 2, 0.5, 0, 'ammoKineticFire_01.ogg'),
(13, 2, '#FFFFFF', 99999, 0, 2500, 6, 2, 0.5, 0, 'ammoKineticFire_01.ogg'),
(8, 2, '#FFFFFF', 99999, 0, 2500, 18, 3, 0.5, 0, 'ammoKineticFire_01.ogg'),
(12, 2, '#FFFFFF', 99999, 0, 2500, 19, 3, 0.5, 0, 'ammoKineticFire_01.ogg'),
(10, 2, '#FFFFFF', 99999, 0, 2500, 20, 1, 0.75, 0, 'ammoKineticFire_02.ogg'),
(16, 2, '#FFFFFF', 99999, 0, 2500, 21, 1, 0.75, 0, 'ammoKineticFire_02.ogg'),
(10, 2, '#FFFFFF', 99999, 0, 2500, 22, 4, 0.75, 0, 'ammoKineticFire_02.ogg'),
(24, 2, '#FFFFFF', 99999, 0, 2500, 23, 4, 0.75, 0, 'ammoKineticFire_02.ogg'),
(10, 2, '#FFFFFF', 99999, 0, 2500, 24, 2, 0.75, 0, 'ammoKineticFire_02.ogg'),
(24, 2, '#FFFFFF', 99999, 0, 2500, 25, 2, 0.75, 0, 'ammoKineticFire_02.ogg'),
(16, 2, '#FFFFFF', 99999, 0, 2500, 26, 3, 0.75, 0, 'ammoKineticFire_02.ogg'),
(24, 2, '#FFFFFF', 99999, 0, 2500, 27, 3, 0.75, 0, 'ammoKineticFire_02.ogg'),
(20, 2, '#FFFFFF', 99999, 0, 2500, 32768, 1, 1, 0, 'ammoKineticFire_03.ogg'),
(32, 2, '#FFFFFF', 99999, 0, 2500, 32769, 1, 1, 0, 'ammoKineticFire_03.ogg'),
(20, 2, '#FFFFFF', 99999, 0, 2500, 32770, 4, 1, 0, 'ammoKineticFire_03.ogg'),
(48, 2, '#FFFFFF', 99999, 0, 2500, 32771, 4, 1, 0, 'ammoKineticFire_03.ogg'),
(20, 2, '#FFFFFF', 99999, 0, 2500, 32772, 2, 1, 0, 'ammoKineticFire_03.ogg'),
(48, 2, '#FFFFFF', 99999, 0, 2500, 32773, 2, 1, 0, 'ammoKineticFire_03.ogg'),
(32, 2, '#FFFFFF', 99999, 0, 2500, 32774, 3, 1, 0, 'ammoKineticFire_03.ogg'),
(48, 2, '#FFFFFF', 99999, 0, 2500, 32775, 3, 1, 0, 'ammoKineticFire_03.ogg'),
(40, 2, '#FFFFFF', 99999, 0, 2500, 32776, 1, 1.25, 0, 'ammoKineticFire_03.ogg'),
(64, 2, '#FFFFFF', 99999, 0, 2500, 32777, 1, 1.25, 0, 'ammoKineticFire_03.ogg'),
(40, 2, '#FFFFFF', 99999, 0, 2500, 32778, 4, 1.25, 0, 'ammoKineticFire_03.ogg'),
(96, 2, '#FFFFFF', 99999, 0, 2500, 32779, 4, 1.25, 0, 'ammoKineticFire_03.ogg'),
(40, 2, '#FFFFFF', 99999, 0, 2500, 32780, 2, 1.25, 0, 'ammoKineticFire_03.ogg'),
(96, 2, '#FFFFFF', 99999, 0, 2500, 32781, 2, 1.25, 0, 'ammoKineticFire_03.ogg'),
(64, 2, '#FFFFFF', 99999, 0, 2500, 32782, 3, 1.25, 0, 'ammoKineticFire_03.ogg'),
(96, 2, '#FFFFFF', 99999, 0, 2500, 32783, 3, 1.25, 0, 'ammoKineticFire_03.ogg'),
(10, 2, '#EFEEE9', 99999, 0, 1800, 32784, 1, 0.5, 1, 'ammoLaserFire_01.ogg'),
(16, 2, '#EFEEE9', 99999, 0, 1800, 32785, 1, 0.5, 1, 'ammoLaserFire_01.ogg'),
(10, 2, '#DEC82A', 99999, 0, 1800, 32786, 4, 0.5, 1, 'ammoLaserFire_01.ogg'),
(24, 2, '#DEC82A', 99999, 0, 1800, 32787, 4, 0.5, 1, 'ammoLaserFire_01.ogg'),
(10, 2, '#5FADA8', 99999, 0, 1800, 32788, 2, 0.5, 1, 'ammoLaserFire_01.ogg'),
(26, 2, '#5FADA8', 99999, 0, 1800, 32789, 2, 0.5, 1, 'ammoLaserFire_01.ogg'),
(16, 2, '#9CBE53', 99999, 0, 1800, 32790, 3, 0.5, 1, 'ammoLaserFire_01.ogg'),
(24, 2, '#9CBE53', 99999, 0, 1800, 32791, 3, 0.5, 1, 'ammoLaserFire_01.ogg'),
(20, 2, '#EFEEE9', 99999, 0, 1800, 32792, 1, 0.75, 1, 'ammoLaserFire_02.ogg'),
(32, 2, '#EFEEE9', 99999, 0, 1800, 32793, 1, 0.75, 1, 'ammoLaserFire_02.ogg'),
(20, 2, '#DEC82A', 99999, 0, 1800, 32794, 4, 0.75, 1, 'ammoLaserFire_02.ogg'),
(48, 2, '#DEC82A', 99999, 0, 1800, 32795, 4, 0.75, 1, 'ammoLaserFire_02.ogg'),
(20, 2, '#5FADA8', 99999, 0, 1800, 32796, 2, 0.75, 1, 'ammoLaserFire_02.ogg'),
(48, 2, '#5FADA8', 99999, 0, 1800, 32797, 2, 0.75, 1, 'ammoLaserFire_02.ogg'),
(32, 2, '#9CBE53', 99999, 0, 1800, 32798, 3, 0.75, 1, 'ammoLaserFire_02.ogg'),
(48, 2, '#9CBE53', 99999, 0, 1800, 32799, 3, 0.75, 1, 'ammoLaserFire_02.ogg'),
(40, 2, '#EFEEE9', 99999, 0, 1800, 32800, 1, 1, 1, 'ammoLaserFire_02.ogg'),
(64, 2, '#EFEEE9', 99999, 0, 1800, 32801, 1, 1, 1, 'ammoLaserFire_02.ogg'),
(40, 2, '#DEC82A', 99999, 0, 1800, 32802, 4, 1, 1, 'ammoLaserFire_02.ogg'),
(96, 2, '#DEC82A', 99999, 0, 1800, 32803, 4, 1, 1, 'ammoLaserFire_02.ogg'),
(40, 2, '#5FADA8', 99999, 0, 1800, 32804, 2, 1, 1, 'ammoLaserFire_02.ogg'),
(96, 2, '#5FADA8', 99999, 0, 1800, 32805, 2, 1, 1, 'ammoLaserFire_02.ogg'),
(64, 2, '#9CBE53', 99999, 0, 1800, 32806, 3, 1, 1, 'ammoLaserFire_02.ogg'),
(96, 2, '#9CBE53', 99999, 0, 1800, 32807, 3, 1, 1, 'ammoLaserFire_02.ogg'),
(80, 2, '#EFEEE9', 99999, 0, 1800, 32808, 1, 1.25, 1, 'ammoLaserFire_02.ogg'),
(128, 2, '#EFEEE9', 99999, 0, 1800, 32809, 1, 1.25, 1, 'ammoLaserFire_02.ogg'),
(80, 2, '#DEC82A', 99999, 0, 1800, 32810, 4, 1.25, 1, 'ammoLaserFire_02.ogg'),
(192, 2, '#DEC82A', 99999, 0, 1800, 32811, 4, 1.25, 1, 'ammoLaserFire_02.ogg'),
(80, 2, '#5FADA8', 99999, 0, 1800, 32812, 2, 1.25, 1, 'ammoLaserFire_02.ogg'),
(192, 2, '#5FADA8', 99999, 0, 1800, 32813, 2, 1.25, 1, 'ammoLaserFire_02.ogg'),
(128, 2, '#9CBE53', 99999, 0, 1800, 32814, 3, 1.25, 1, 'ammoLaserFire_02.ogg'),
(192, 2, '#9CBE53', 99999, 0, 1800, 32815, 3, 1.25, 1, 'ammoLaserFire_02.ogg'),
(96, 10, '#EFEEE9', 800, 1, 1000, 32823, 2, 0.5, 3, 'ammoMissileFire_01.ogg'),
(40, 10, '#EFEEE9', 800, 1, 1000, 32822, 2, 0.5, 3, 'ammoMissileFire_01.ogg'),
(96, 10, '#DEC82A', 800, 1, 1000, 32821, 1, 0.5, 3, 'ammoMissileFire_01.ogg'),
(40, 10, '#DEC82A', 800, 1, 1000, 32820, 1, 0.5, 3, 'ammoMissileFire_01.ogg'),
(40, 10, '#5FADA8', 800, 1, 1000, 32824, 3, 0.5, 3, 'ammoMissileFire_01.ogg'),
(96, 10, '#5FADA8', 800, 1, 1000, 32825, 3, 0.5, 3, 'ammoMissileFire_01.ogg'),
(40, 10, '#9CBE53', 800, 1, 1000, 32826, 4, 0.5, 3, 'ammoMissileFire_01.ogg'),
(96, 10, '#9CBE53', 800, 1, 1000, 32827, 4, 0.5, 3, 'ammoMissileFire_01.ogg'),
(80, 10, '#EFEEE9', 800, 1, 1000, 32828, 1, 0.75, 3, 'ammoMissileFire_01.ogg'),
(184, 10, '#EFEEE9', 800, 1, 1000, 32829, 1, 0.75, 3, 'ammoMissileFire_01.ogg'),
(80, 10, '#DEC82A', 800, 1, 1000, 32830, 2, 0.75, 3, 'ammoMissileFire_01.ogg'),
(184, 10, '#DEC82A', 800, 1, 1000, 32831, 2, 0.75, 3, 'ammoMissileFire_01.ogg'),
(80, 10, '#5FADA8', 800, 1, 1000, 32832, 3, 0.75, 3, 'ammoMissileFire_01.ogg'),
(184, 10, '#5FADA8', 800, 1, 1000, 32833, 3, 0.75, 3, 'ammoMissileFire_01.ogg'),
(80, 10, '#9CBE53', 800, 1, 1000, 32834, 4, 0.75, 3, 'ammoMissileFire_01.ogg'),
(184, 10, '#9CBE53', 800, 1, 1000, 32835, 4, 0.75, 3, 'ammoMissileFire_01.ogg'),
(160, 10, '#EFEEE9', 800, 1, 1000, 32836, 1, 1, 3, 'ammoMissileFire_01.ogg'),
(368, 10, '#EFEEE9', 800, 1, 1000, 32837, 1, 1, 3, 'ammoMissileFire_01.ogg'),
(160, 10, '#DEC82A', 800, 1, 1000, 32838, 2, 1, 3, 'ammoMissileFire_01.ogg'),
(368, 10, '#DEC82A', 800, 1, 1000, 32839, 2, 1, 3, 'ammoMissileFire_01.ogg'),
(160, 10, '#5FADA8', 800, 1, 1000, 32840, 3, 1, 3, 'ammoMissileFire_01.ogg'),
(368, 10, '#5FADA8', 800, 1, 1000, 32841, 3, 1, 3, 'ammoMissileFire_01.ogg'),
(160, 10, '#9CBE53', 800, 1, 1000, 32842, 4, 1, 3, 'ammoMissileFire_01.ogg'),
(368, 10, '#9CBE53', 800, 1, 1000, 32843, 4, 1, 3, 'ammoMissileFire_01.ogg'),
(320, 10, '#EFEEE9', 800, 1, 1000, 32844, 1, 1.25, 3, 'ammoMissileFire_01.ogg'),
(736, 10, '#EFEEE9', 800, 1, 1000, 32845, 1, 1.25, 3, 'ammoMissileFire_01.ogg'),
(320, 10, '#DEC82A', 800, 1, 1000, 32846, 2, 1.25, 3, 'ammoMissileFire_01.ogg'),
(736, 10, '#DEC82A', 800, 1, 1000, 32847, 2, 1.25, 3, 'ammoMissileFire_01.ogg'),
(320, 10, '#5FADA8', 800, 1, 1000, 32848, 3, 1.25, 3, 'ammoMissileFire_01.ogg'),
(736, 10, '#5FADA8', 800, 1, 1000, 32849, 3, 1.25, 3, 'ammoMissileFire_01.ogg'),
(320, 10, '#9CBE53', 800, 1, 1000, 32850, 4, 1.25, 3, 'ammoMissileFire_01.ogg'),
(736, 10, '#9CBE53', 800, 1, 1000, 32851, 4, 1.25, 3, 'ammoMissileFire_01.ogg');

-- --------------------------------------------------------

--
-- Structure de la table `spaceumad_ammotype`
--

CREATE TABLE IF NOT EXISTS `spaceumad_ammotype` (
  `mIdAmmoType` int(11) NOT NULL AUTO_INCREMENT,
  `mColor` varchar(255) DEFAULT NULL,
  `mDamageBonus` varchar(255) DEFAULT NULL,
  `mDamageMalus` varchar(255) DEFAULT NULL,
  `mDescription` varchar(255) DEFAULT NULL,
  `mName` varchar(255) DEFAULT NULL,
  PRIMARY KEY (`mIdAmmoType`)
) ENGINE=MyISAM  DEFAULT CHARSET=latin1 AUTO_INCREMENT=5 ;

--
-- Contenu de la table `spaceumad_ammotype`
--

INSERT INTO `spaceumad_ammotype` (`mIdAmmoType`, `mColor`, `mDamageBonus`, `mDamageMalus`, `mDescription`, `mName`) VALUES
(1, '#7A5844', '0;0;0', '0;0;0', 'ammoTypeNormalDescription', 'ammoTypeNormalName'),
(2, '#68A2FF', '10;0;0', '0;5;5', 'ammoTypeAntiShieldDescription', 'ammoTypeAntiShieldName'),
(3, '#7BCC53', '0;10;0', '5;0;5', 'ammoTypeAntiArmorDescription', 'ammoTypeAntiArmorName'),
(4, '#FF8C3F', '0;0;10', '5;5;0', 'ammoTypeAntiStructureDescription', 'ammoTypeAntiStructureName');

-- --------------------------------------------------------

--
-- Structure de la table `spaceumad_character`
--

CREATE TABLE IF NOT EXISTS `spaceumad_character` (
  `mIdCharacter` int(11) NOT NULL AUTO_INCREMENT,
  `mAlive` bit(1) NOT NULL,
  `mAvatarId` varchar(255) DEFAULT NULL,
  `mDateCreation` datetime DEFAULT NULL,
  `mExperience` int(11) NOT NULL,
  `mLevel` int(11) NOT NULL,
  `mName` varchar(255) DEFAULT NULL,
  `mSkillPoints` int(11) NOT NULL,
  `mTimePlayed` bigint(20) NOT NULL,
  `mIdJob` int(11) DEFAULT NULL,
  `mIdRace` int(11) DEFAULT NULL,
  `mIdUser` int(11) DEFAULT NULL,
  `mCredit` double NOT NULL,
  `mHangarSpace` int(11) NOT NULL,
  PRIMARY KEY (`mIdCharacter`),
  KEY `FK82FCCB2BF8A36B6B` (`mIdUser`),
  KEY `FK82FCCB2B38E9801E` (`mIdRace`),
  KEY `FK82FCCB2BA6FF0D7E` (`mIdJob`)
) ENGINE=MyISAM  DEFAULT CHARSET=latin1 AUTO_INCREMENT=36 ;

--
-- Contenu de la table `spaceumad_character`
--

INSERT INTO `spaceumad_character` (`mIdCharacter`, `mAlive`, `mAvatarId`, `mDateCreation`, `mExperience`, `mLevel`, `mName`, `mSkillPoints`, `mTimePlayed`, `mIdJob`, `mIdRace`, `mIdUser`, `mCredit`, `mHangarSpace`) VALUES
(1, b'1', '0-0', '1970-01-01 01:00:00', 6112, 21, 'Robert', 95, 151400, 1, 1, 1, 1002337422682.17, 14),
(8, b'1', '6-0', '1970-01-01 01:00:00', 20, 1, 'Test', 5, 330, 4, 1, 1, 436, 5),
(7, b'1', '5-0', '1970-01-01 01:00:00', 1700, 1, 'Cha', 5, 390, 4, 1, 1, 1383.9089050293, 5),
(6, b'1', '0-0', '1970-01-01 01:00:00', 100, 1, 'Jacob', 5, 0, 2, 1, 1, 0, 5),
(9, b'1', '0-1', '1970-01-01 01:00:00', 0, 0, 'HeyDitLa', 0, 0, 3, 2, 1, 0, 5),
(10, b'1', '0-1', '1970-01-01 01:00:00', 0, 0, 'Test 2', 0, 0, 1, 2, 1, 0, 5),
(11, b'1', '0-1', '1970-01-01 01:00:00', 0, 0, 'Test 3', 0, 0, 1, 2, 1, 0, 5),
(12, b'1', '0-1', '1970-01-01 01:00:00', 100, 1, 'Test 4', 5, 30, 1, 2, 1, 0, 5),
(13, b'1', '0-1', '1970-01-01 01:00:00', 0, 0, 'Test 10', 0, 0, 1, 2, 1, 0, 5),
(14, b'1', '0-0', '1970-01-01 01:00:00', 0, 0, 'azerty', 0, 0, 1, 1, 1, 0, 5),
(16, b'1', '0-0', '1970-01-01 01:00:00', 0, 0, 'test add skill', 0, 0, 1, 1, 1, 0, 5),
(18, b'1', '0-1', '1970-01-01 01:00:00', 100, 1, 'Foufou', 5, 0, 2, 2, 2, 17, 0),
(23, b'1', '7-0', '1970-01-01 01:00:00', 0, 0, 'Bouyette', 0, 30, 3, 1, 1, 5000, 5),
(24, b'1', '9-0', '1970-01-01 01:00:00', 350, 0, 'Bouyaki', 0, 360, 1, 1, 1, 678.437294006348, 5),
(25, b'1', '3-0', '2013-10-03 18:01:08', 0, 0, 'azjklndsfq', 0, 0, 1, 1, 1, 5000, 5),
(26, b'1', '2-1', '2013-10-03 18:05:42', 0, 0, 'kaki', 0, 0, 4, 2, 1, 5000, 5),
(27, b'1', '2-1', '1970-01-01 01:00:00', 100, 0, 'kakisdf', 0, 50, 4, 2, 1, 5129, 5),
(28, b'1', '2-1', '2013-10-03 18:06:10', 0, 0, 'kakisdf', 0, 0, 4, 2, 1, 5000, 5),
(29, b'1', '0-0', '1970-01-01 01:00:00', 0, 0, 'caca', 0, 40, 4, 1, 1, 5000, 5),
(30, b'1', '6-0', '1970-01-01 01:00:00', 50, 0, 'MakakiStudio', 0, 130, 4, 1, 1, 4675.43859863281, 5),
(31, b'1', '4-0', '1970-01-01 01:00:00', 300, 0, 'Plopiplop', 0, 410, 2, 1, 1, 4646.34146118164, 5),
(32, b'1', '1-0', '1970-01-01 01:00:00', 0, 0, 'cramouk', 0, 100, 1, 1, 1, 4726.92306518555, 5),
(33, b'1', '0-0', '1970-01-01 01:00:00', 0, 0, 'zoulouweapon', 0, 40, 1, 1, 1, 617.28369140625, 5),
(34, b'1', '4-0', '1970-01-01 01:00:00', 0, 0, 'Le bouyou', 0, 90, 1, 1, 1, 5000, 5),
(35, b'1', '0-1', '1970-01-01 01:00:00', 0, 0, 'jfh', 0, 270, 3, 2, 1, 5000, 5);

-- --------------------------------------------------------

--
-- Structure de la table `spaceumad_characterbank`
--

CREATE TABLE IF NOT EXISTS `spaceumad_characterbank` (
  `mIdCharacterBank` int(11) NOT NULL AUTO_INCREMENT,
  `mNumber` int(11) NOT NULL,
  `mUnlock` bit(1) NOT NULL,
  `mIdCharacter` int(11) DEFAULT NULL,
  PRIMARY KEY (`mIdCharacterBank`),
  KEY `FKD42B43E74253B956` (`mIdCharacter`)
) ENGINE=MyISAM  DEFAULT CHARSET=latin1 AUTO_INCREMENT=87 ;

--
-- Contenu de la table `spaceumad_characterbank`
--

INSERT INTO `spaceumad_characterbank` (`mIdCharacterBank`, `mNumber`, `mUnlock`, `mIdCharacter`) VALUES
(1, 1, b'1', 1),
(2, 2, b'1', 1),
(3, 3, b'1', 1),
(4, 4, b'1', 1),
(5, 5, b'1', 1),
(12, 1, b'1', NULL),
(7, 1, b'1', 19),
(8, 2, b'0', 19),
(9, 3, b'0', 19),
(10, 4, b'0', 19),
(11, 5, b'0', 19),
(13, 2, b'0', NULL),
(14, 3, b'0', NULL),
(15, 4, b'0', NULL),
(16, 5, b'0', NULL),
(17, 1, b'1', NULL),
(18, 2, b'0', NULL),
(19, 3, b'0', NULL),
(20, 4, b'0', NULL),
(21, 5, b'0', NULL),
(22, 1, b'1', 23),
(23, 2, b'0', 23),
(24, 3, b'0', 23),
(25, 4, b'0', 23),
(26, 5, b'0', 23),
(27, 1, b'1', 24),
(28, 2, b'0', 24),
(29, 3, b'0', 24),
(30, 4, b'0', 24),
(31, 5, b'0', 24),
(32, 1, b'1', 25),
(33, 2, b'0', 25),
(34, 3, b'0', 25),
(35, 4, b'0', 25),
(36, 5, b'0', 25),
(37, 1, b'1', 26),
(38, 2, b'0', 26),
(39, 3, b'0', 26),
(40, 4, b'0', 26),
(41, 5, b'0', 26),
(42, 1, b'1', 27),
(43, 2, b'0', 27),
(44, 3, b'0', 27),
(45, 4, b'0', 27),
(46, 5, b'0', 27),
(47, 1, b'1', 28),
(48, 2, b'0', 28),
(49, 3, b'0', 28),
(50, 4, b'0', 28),
(51, 5, b'0', 28),
(52, 1, b'1', 29),
(53, 2, b'0', 29),
(54, 3, b'0', 29),
(55, 4, b'0', 29),
(56, 5, b'0', 29),
(57, 1, b'1', 30),
(58, 2, b'0', 30),
(59, 3, b'0', 30),
(60, 4, b'0', 30),
(61, 5, b'0', 30),
(62, 1, b'1', 31),
(63, 2, b'0', 31),
(64, 3, b'0', 31),
(65, 4, b'0', 31),
(66, 5, b'0', 31),
(67, 1, b'1', 32),
(68, 2, b'0', 32),
(69, 3, b'0', 32),
(70, 4, b'0', 32),
(71, 5, b'0', 32),
(72, 1, b'1', 33),
(73, 2, b'0', 33),
(74, 3, b'0', 33),
(75, 4, b'0', 33),
(76, 5, b'0', 33),
(77, 1, b'1', 34),
(78, 2, b'0', 34),
(79, 3, b'0', 34),
(80, 4, b'0', 34),
(81, 5, b'0', 34),
(82, 1, b'1', 35),
(83, 2, b'0', 35),
(84, 3, b'0', 35),
(85, 4, b'0', 35),
(86, 5, b'0', 35);

-- --------------------------------------------------------

--
-- Structure de la table `spaceumad_characterbankitemstack`
--

CREATE TABLE IF NOT EXISTS `spaceumad_characterbankitemstack` (
  `mIdCharacterBankItemStack` int(11) NOT NULL AUTO_INCREMENT,
  `mPosition` int(11) NOT NULL,
  `mIdCharacterBank` int(11) DEFAULT NULL,
  `mIdItemStack` int(11) DEFAULT NULL,
  PRIMARY KEY (`mIdCharacterBankItemStack`),
  KEY `FKD48F6B4E14D89EEE` (`mIdCharacterBank`),
  KEY `FKD48F6B4EDB752353` (`mIdItemStack`)
) ENGINE=MyISAM  DEFAULT CHARSET=latin1 AUTO_INCREMENT=276 ;

--
-- Contenu de la table `spaceumad_characterbankitemstack`
--

INSERT INTO `spaceumad_characterbankitemstack` (`mIdCharacterBankItemStack`, `mPosition`, `mIdCharacterBank`, `mIdItemStack`) VALUES
(1, 0, 1, NULL),
(2, 35, 1, NULL),
(3, 7, 3, NULL),
(4, 27, 3, 732),
(5, 0, 3, NULL),
(6, 1, 3, NULL),
(7, 2, 3, NULL),
(8, 3, 3, 29),
(9, 4, 3, NULL),
(10, 5, 3, NULL),
(11, 6, 3, NULL),
(12, 8, 3, 715),
(13, 9, 3, 716),
(14, 24, 3, 729),
(15, 25, 3, 730),
(16, 26, 3, 731),
(17, 0, 7, 125),
(18, 8, 7, NULL),
(19, 7, 2, 693),
(20, 63, 3, NULL),
(21, 15, 3, 103),
(22, 14, 3, 31),
(24, 35, 3, 740),
(25, 11, 2, 697),
(26, 29, 2, 707),
(27, 54, 3, NULL),
(28, 51, 1, NULL),
(29, 46, 2, NULL),
(30, 61, 3, NULL),
(31, 58, 3, NULL),
(32, 15, 7, 124),
(33, 21, 7, 140),
(34, 42, 7, 137),
(35, 54, 7, 138),
(36, 38, 7, 139),
(37, 18, 2, NULL),
(38, 50, 2, NULL),
(39, 23, 2, 701),
(40, 39, 1, NULL),
(41, 49, 1, NULL),
(42, 56, 1, NULL),
(43, 57, 1, NULL),
(44, 56, 2, NULL),
(45, 57, 2, NULL),
(46, 58, 2, NULL),
(47, 56, 3, NULL),
(48, 48, 3, 753),
(49, 23, 3, 728),
(50, 22, 3, 727),
(51, 21, 3, 726),
(52, 40, 3, 745),
(53, 20, 3, 725),
(54, 58, 1, NULL),
(55, 59, 2, NULL),
(56, 29, 3, 734),
(57, 37, 3, 742),
(58, 45, 3, 750),
(59, 30, 3, 735),
(60, 38, 3, 705),
(61, 28, 3, 733),
(62, 52, 3, NULL),
(63, 19, 2, NULL),
(64, 16, 1, NULL),
(65, 38, 2, NULL),
(66, 22, 2, 700),
(67, 26, 1, NULL),
(68, 8, 1, NULL),
(69, 15, 2, NULL),
(70, 6, 2, NULL),
(71, 5, 2, NULL),
(72, 4, 2, NULL),
(73, 1, 1, NULL),
(74, 2, 1, 640),
(75, 3, 1, 492),
(76, 4, 1, NULL),
(77, 5, 1, NULL),
(78, 6, 1, NULL),
(79, 7, 1, 381),
(80, 9, 1, NULL),
(81, 10, 1, NULL),
(82, 11, 1, NULL),
(83, 12, 1, NULL),
(84, 13, 1, NULL),
(85, 14, 1, NULL),
(86, 15, 1, NULL),
(87, 17, 1, NULL),
(88, 19, 1, NULL),
(89, 18, 1, NULL),
(90, 20, 1, NULL),
(91, 21, 1, NULL),
(92, 22, 1, NULL),
(93, 23, 1, NULL),
(94, 24, 1, NULL),
(95, 25, 1, NULL),
(96, 27, 1, NULL),
(97, 28, 1, NULL),
(98, 29, 1, NULL),
(99, 30, 1, NULL),
(100, 31, 1, NULL),
(101, 32, 1, NULL),
(102, 33, 1, NULL),
(103, 34, 1, NULL),
(104, 36, 1, NULL),
(105, 37, 1, 860),
(106, 38, 1, NULL),
(107, 40, 1, NULL),
(108, 42, 1, NULL),
(109, 41, 1, NULL),
(110, 43, 1, NULL),
(111, 44, 1, NULL),
(112, 45, 1, NULL),
(113, 46, 1, NULL),
(114, 47, 1, NULL),
(115, 48, 1, NULL),
(116, 50, 1, NULL),
(117, 52, 1, NULL),
(118, 53, 1, NULL),
(119, 54, 1, NULL),
(120, 55, 1, NULL),
(121, 59, 1, NULL),
(122, 60, 1, NULL),
(123, 61, 1, NULL),
(124, 62, 1, NULL),
(125, 63, 1, NULL),
(126, 0, 2, 696),
(127, 1, 2, 691),
(128, 2, 2, 692),
(129, 3, 2, NULL),
(130, 8, 2, 694),
(131, 9, 2, 695),
(132, 10, 2, NULL),
(133, 12, 2, 743),
(134, 13, 2, 698),
(135, 14, 2, NULL),
(136, 16, 2, 702),
(137, 17, 2, 703),
(138, 20, 2, NULL),
(139, 21, 2, 699),
(140, 24, 2, 710),
(141, 25, 2, 711),
(142, 26, 2, 712),
(143, 27, 2, NULL),
(144, 28, 2, 713),
(145, 30, 2, 708),
(146, 31, 2, 709),
(147, 32, 2, NULL),
(148, 33, 2, NULL),
(149, 34, 2, 869),
(150, 36, 2, 714),
(151, 35, 2, 871),
(152, 37, 2, NULL),
(153, 39, 2, NULL),
(154, 40, 2, NULL),
(155, 41, 2, NULL),
(156, 42, 2, NULL),
(157, 43, 2, 940),
(158, 44, 2, NULL),
(159, 45, 2, NULL),
(160, 47, 2, NULL),
(161, 48, 2, NULL),
(162, 49, 2, NULL),
(163, 52, 2, NULL),
(164, 51, 2, NULL),
(165, 53, 2, NULL),
(166, 54, 2, NULL),
(167, 55, 2, NULL),
(168, 60, 2, NULL),
(169, 61, 2, NULL),
(170, 62, 2, NULL),
(171, 63, 2, 645),
(172, 10, 3, 717),
(173, 11, 3, 718),
(174, 12, 3, 341),
(175, 13, 3, 720),
(176, 16, 3, 721),
(177, 18, 3, 723),
(178, 17, 3, 722),
(179, 19, 3, 724),
(180, 31, 3, 736),
(181, 32, 3, 737),
(182, 33, 3, 738),
(183, 34, 3, 739),
(184, 36, 3, 880),
(185, 39, 3, 744),
(186, 47, 3, 752),
(187, 46, 3, 751),
(188, 44, 3, 749),
(189, 43, 3, 748),
(190, 42, 3, 747),
(191, 41, 3, 746),
(192, 49, 3, NULL),
(193, 50, 3, NULL),
(194, 51, 3, NULL),
(195, 53, 3, NULL),
(196, 55, 3, NULL),
(197, 62, 3, NULL),
(198, 60, 3, NULL),
(199, 59, 3, NULL),
(200, 57, 3, NULL),
(201, 0, 4, NULL),
(202, 1, 4, NULL),
(203, 8, 4, 173),
(204, 46, 4, 872),
(205, 2, 4, 175),
(206, 3, 4, NULL),
(207, 4, 4, NULL),
(208, 5, 4, 813),
(209, 6, 4, 814),
(210, 56, 4, 757),
(211, 57, 4, 885),
(212, 7, 4, 815),
(213, 9, 4, NULL),
(214, 10, 4, NULL),
(215, 11, 4, NULL),
(216, 12, 4, NULL),
(217, 13, 4, NULL),
(218, 16, 4, NULL),
(219, 17, 4, NULL),
(220, 18, 4, NULL),
(221, 19, 4, NULL),
(222, 24, 4, 932),
(223, 25, 4, 177),
(224, 32, 4, NULL),
(225, 33, 4, NULL),
(226, 23, 4, 780),
(227, 63, 4, NULL),
(228, 40, 4, 876),
(229, 62, 4, 884),
(230, 61, 4, NULL),
(231, 55, 4, NULL),
(232, 54, 4, NULL),
(233, 53, 4, 875),
(234, 47, 4, NULL),
(235, 45, 4, 878),
(236, 14, 4, 783),
(237, 15, 4, 90),
(238, 22, 4, 786),
(239, 21, 4, 782),
(240, 20, 4, NULL),
(241, 28, 4, NULL),
(242, 29, 4, NULL),
(243, 62, 5, NULL),
(244, 26, 4, 825),
(245, 27, 4, 827),
(246, 30, 4, 829),
(247, 31, 4, 830),
(248, 39, 4, NULL),
(249, 38, 4, NULL),
(250, 37, 4, NULL),
(251, 43, 4, 865),
(252, 36, 4, NULL),
(253, 34, 4, NULL),
(254, 35, 4, NULL),
(255, 44, 4, 855),
(256, 42, 4, NULL),
(257, 41, 4, NULL),
(258, 1, 5, 858),
(259, 2, 5, 93),
(260, 4, 5, NULL),
(261, 49, 4, 741),
(262, 52, 4, 877),
(263, 51, 4, 881),
(264, 50, 4, 52),
(265, 59, 4, 882),
(266, 60, 4, NULL),
(267, 0, 67, NULL),
(268, 0, 62, NULL),
(269, 22, 5, 859),
(270, 10, 5, NULL),
(271, 11, 5, NULL),
(272, 3, 5, 793),
(273, 15, 5, NULL),
(274, 53, 5, NULL),
(275, 48, 4, 641);

-- --------------------------------------------------------

--
-- Structure de la table `spaceumad_charactership`
--

CREATE TABLE IF NOT EXISTS `spaceumad_charactership` (
  `mIdCharacterShip` int(11) NOT NULL AUTO_INCREMENT,
  `mExperience` int(11) NOT NULL,
  `mLevel` int(11) NOT NULL,
  `mPiloted` bit(1) NOT NULL,
  `mIdCharacter` int(11) DEFAULT NULL,
  `mIdShipModel` int(11) DEFAULT NULL,
  `mName` varchar(255) DEFAULT NULL,
  `mSkillPoints` int(11) NOT NULL,
  `mWeapons` varchar(4096) DEFAULT NULL,
  PRIMARY KEY (`mIdCharacterShip`),
  KEY `FKD43317E73B341E8F` (`mIdShipModel`),
  KEY `FKD43317E74253B956` (`mIdCharacter`)
) ENGINE=MyISAM  DEFAULT CHARSET=latin1 AUTO_INCREMENT=51 ;

--
-- Contenu de la table `spaceumad_charactership`
--

INSERT INTO `spaceumad_charactership` (`mIdCharacterShip`, `mExperience`, `mLevel`, `mPiloted`, `mIdCharacter`, `mIdShipModel`, `mName`, `mSkillPoints`, `mWeapons`) VALUES
(1, 3073, 5, b'1', 1, 9, 'My Ship', 5, '[{"actif":true,"ammoCount":13,"idAmmo":32812,"idCharacterShip":1,"idWeaponModel":1114112},{"actif":true,"ammoCount":13,"idAmmo":32812,"idCharacterShip":1,"idWeaponModel":1114112},{"actif":true,"ammoCount":6,"idAmmo":32783,"idCharacterShip":1,"idWeaponModel":1015808},{"actif":true,"ammoCount":90,"idAmmo":32850,"idCharacterShip":1,"idWeaponModel":1114126}]'),
(8, 100, 0, b'1', 8, 7, 'My Ship', 0, 'null'),
(7, 200, 0, b'1', 7, 7, 'My Ship', 0, 'null'),
(6, 0, 0, b'1', 6, 9, 'My Ship', 0, NULL),
(9, 0, 0, b'1', 9, 7, 'My Ship', 0, NULL),
(10, 0, 0, b'1', 10, 7, 'My Ship', 0, NULL),
(11, 0, 0, b'1', 11, 7, 'My Ship', 0, NULL),
(12, 0, 0, b'1', 12, 7, 'My Ship', 0, NULL),
(13, 0, 0, b'1', 13, 7, 'My Ship', 0, NULL),
(14, 0, 0, b'1', 14, 7, 'My Ship', 0, NULL),
(15, 0, 0, b'1', 15, 7, 'My Ship', 0, NULL),
(16, 0, 0, b'1', 16, 7, 'My Ship', 0, NULL),
(17, 0, 0, b'1', 17, 7, 'My Ship', 0, NULL),
(18, 0, 0, b'1', 18, 7, 'My Ship', 0, NULL),
(20, 0, 0, b'1', NULL, 7, 'My ship', 0, NULL),
(21, 0, 0, b'1', 23, 7, 'My ship', 0, NULL),
(22, 350, 0, b'1', 24, 7, 'My ship', 0, '[{"actif":true,"ammoCount":108,"idAmmo":3,"idCharacterShip":22,"idWeaponModel":16}]'),
(23, 0, 0, b'1', 25, 7, 'My ship', 0, NULL),
(24, 0, 0, b'1', 26, 7, 'My ship', 0, NULL),
(25, 100, 0, b'1', 27, 7, 'My ship', 0, NULL),
(26, 0, 0, b'1', 28, 7, 'My ship', 0, NULL),
(27, 0, 0, b'1', 29, 7, 'My ship', 0, NULL),
(28, 50, 0, b'1', 30, 7, 'My ship', 0, NULL),
(29, 300, 0, b'1', 31, 7, 'My ship', 0, NULL),
(30, 0, 0, b'1', 32, 7, 'My ship', 0, NULL),
(31, 0, 0, b'1', 33, 7, 'My ship', 0, NULL),
(32, 0, 0, b'1', 34, 7, 'My ship', 0, NULL),
(33, 0, 0, b'1', 35, 7, 'My ship', 0, NULL),
(46, 260, 1, b'0', 1, 7, 'My ship', 1, '[{"actif":true,"ammoCount":0,"idAmmo":2,"idCharacterShip":46,"idWeaponModel":10}]'),
(45, 0, 0, b'0', 1, 9, 'My ship', 0, 'null'),
(50, 0, 0, b'0', 1, 9, 'My ship', 0, 'null'),
(49, 0, 0, b'0', 1, 9, 'My ship', 0, 'null'),
(48, 0, 0, b'0', 1, 9, 'My ship', 0, 'null'),
(47, 0, 0, b'0', 1, 8, 'My ship', 0, 'null');

-- --------------------------------------------------------

--
-- Structure de la table `spaceumad_charactershipitemstack`
--

CREATE TABLE IF NOT EXISTS `spaceumad_charactershipitemstack` (
  `mIdCharacterShipItemStack` int(11) NOT NULL AUTO_INCREMENT,
  `mPosition` int(11) NOT NULL,
  `mIdCharacterShip` int(11) DEFAULT NULL,
  `mIdItemStack` int(11) DEFAULT NULL,
  PRIMARY KEY (`mIdCharacterShipItemStack`),
  KEY `FKBE16174E6522F53F` (`mIdCharacterShip`),
  KEY `FKBE16174EDB752353` (`mIdItemStack`)
) ENGINE=MyISAM  DEFAULT CHARSET=latin1 AUTO_INCREMENT=214 ;

--
-- Contenu de la table `spaceumad_charactershipitemstack`
--

INSERT INTO `spaceumad_charactershipitemstack` (`mIdCharacterShipItemStack`, `mPosition`, `mIdCharacterShip`, `mIdItemStack`) VALUES
(1, 0, 1, 1414),
(2, 5, 1, 1307),
(3, 1, 1, 1342),
(4, 2, 1, NULL),
(162, 25, 1, 1386),
(161, 28, 1, 1423),
(160, 33, 7, 97),
(159, 27, 1, 1387),
(158, 34, 1, NULL),
(157, 21, 1, 1390),
(156, 22, 1, 1416),
(155, 23, 1, 1417),
(154, 14, 1, 1303),
(153, 6, 1, 962),
(152, 16, 1, 1385),
(151, 24, 1, 1419),
(150, 4, 1, 1352),
(149, 3, 1, 1351),
(148, 15, 1, 1304),
(147, 20, 1, 1389),
(146, 19, 1, 1388),
(145, 18, 1, 1358),
(144, 12, 1, 1364),
(143, 17, 1, 1415),
(142, 11, 1, 1369),
(141, 10, 1, 1357),
(140, 9, 1, 1371),
(139, 32, 1, NULL),
(138, 31, 1, 1182),
(137, 33, 1, NULL),
(136, 7, 1, 959),
(135, 26, 1, 1421),
(134, 13, 1, 1302),
(133, 8, 1, 1354),
(163, 0, 7, 101),
(164, 29, 1, 1424),
(165, 1, 7, 108),
(166, 0, 8, 146),
(167, 1, 8, NULL),
(168, 30, 1, 1164),
(169, 36, 1, NULL),
(170, 35, 1, NULL),
(171, 39, 1, 1314),
(172, 40, 1, NULL),
(173, 49, 1, NULL),
(174, 43, 1, NULL),
(175, 48, 1, NULL),
(176, 47, 1, 1375),
(177, 46, 1, 1376),
(178, 45, 1, 1377),
(179, 44, 1, NULL),
(180, 41, 1, NULL),
(181, 38, 1, 1344),
(182, 37, 1, 1343),
(183, 42, 1, NULL),
(184, 22, 18, 115),
(185, 21, 18, 116),
(186, 0, 19, 133),
(187, 1, 19, NULL),
(188, 9, 19, NULL),
(189, 8, 19, 134),
(190, 10, 19, NULL),
(191, 27, 8, 110),
(192, 22, 8, 109),
(193, 36, 19, 141),
(194, 22, 19, 142),
(195, 2, 8, 148),
(196, 6, 25, 907),
(197, 7, 25, 908),
(198, 15, 25, 909),
(199, 0, 30, NULL),
(200, 0, 29, NULL),
(201, 0, 28, 920),
(202, 19, 28, NULL),
(203, 21, 28, NULL),
(204, 17, 28, NULL),
(205, 27, 28, NULL),
(206, 9, 28, NULL),
(207, 0, 31, NULL),
(208, 0, 33, 1068),
(209, 0, 46, NULL),
(210, 1, 46, NULL),
(211, 8, 46, NULL),
(212, 9, 46, NULL),
(213, 0, 22, NULL);

-- --------------------------------------------------------

--
-- Structure de la table `spaceumad_characterskill`
--

CREATE TABLE IF NOT EXISTS `spaceumad_characterskill` (
  `mIdCharacterSkill` int(11) NOT NULL AUTO_INCREMENT,
  `mLevel` int(11) NOT NULL,
  `mIdCharacter` int(11) DEFAULT NULL,
  `mIdSkill` int(11) DEFAULT NULL,
  PRIMARY KEY (`mIdCharacterSkill`),
  KEY `FKB23142064253B956` (`mIdCharacter`),
  KEY `FKB2314206E46BF9A6` (`mIdSkill`)
) ENGINE=MyISAM  DEFAULT CHARSET=latin1 AUTO_INCREMENT=748 ;

--
-- Contenu de la table `spaceumad_characterskill`
--

INSERT INTO `spaceumad_characterskill` (`mIdCharacterSkill`, `mLevel`, `mIdCharacter`, `mIdSkill`) VALUES
(1, 15, 1, 1),
(2, 0, 1, 2),
(3, 0, 1, 3),
(4, 0, 1, 4),
(5, 0, 1, 5),
(6, 0, 1, 6),
(7, 0, 1, 7),
(8, 0, 1, 8),
(9, 0, 1, 9),
(10, 15, 2, 1),
(11, 0, 2, 2),
(12, 0, 2, 3),
(13, 0, 2, 4),
(14, 0, 2, 5),
(15, 0, 2, 6),
(16, 0, 2, 7),
(17, 0, 2, 8),
(18, 0, 2, 9),
(19, 0, 3, 1),
(20, 15, 3, 2),
(21, 0, 3, 3),
(22, 0, 3, 4),
(23, 0, 3, 5),
(24, 0, 3, 6),
(25, 0, 3, 7),
(26, 0, 3, 8),
(27, 0, 3, 9),
(28, 15, 4, 1),
(29, 0, 4, 2),
(30, 0, 4, 3),
(31, 0, 4, 4),
(32, 0, 4, 5),
(33, 0, 4, 6),
(34, 0, 4, 7),
(35, 0, 4, 8),
(36, 0, 4, 9),
(37, 15, 5, 1),
(38, 0, 5, 2),
(39, 0, 5, 3),
(40, 0, 5, 4),
(41, 0, 5, 5),
(42, 0, 5, 6),
(43, 0, 5, 7),
(44, 0, 5, 8),
(45, 0, 5, 9),
(46, 15, 6, 1),
(47, 0, 6, 2),
(48, 0, 6, 3),
(49, 0, 6, 4),
(50, 0, 6, 5),
(51, 0, 6, 6),
(52, 0, 6, 7),
(53, 0, 6, 8),
(54, 0, 6, 9),
(55, 0, 7, 1),
(56, 0, 7, 2),
(57, 0, 7, 3),
(58, 0, 7, 4),
(59, 15, 7, 5),
(60, 0, 7, 6),
(61, 0, 7, 7),
(62, 0, 7, 8),
(63, 0, 7, 9),
(64, 8, 8, 1),
(65, 7, 8, 2),
(66, 0, 8, 3),
(67, 0, 8, 4),
(68, 0, 8, 5),
(69, 0, 8, 6),
(70, 0, 8, 7),
(71, 0, 8, 8),
(72, 0, 8, 9),
(73, 2, 9, 1),
(74, 7, 9, 2),
(75, 6, 9, 3),
(76, 0, 9, 4),
(77, 0, 9, 5),
(78, 0, 9, 6),
(79, 0, 9, 7),
(80, 0, 9, 8),
(81, 0, 9, 9),
(82, 15, 10, 1),
(83, 0, 10, 2),
(84, 0, 10, 3),
(85, 0, 10, 4),
(86, 0, 10, 5),
(87, 0, 10, 6),
(88, 0, 10, 7),
(89, 0, 10, 8),
(90, 0, 10, 9),
(91, 15, 11, 1),
(92, 0, 11, 2),
(93, 0, 11, 3),
(94, 0, 11, 4),
(95, 0, 11, 5),
(96, 0, 11, 6),
(97, 0, 11, 7),
(98, 0, 11, 8),
(99, 0, 11, 9),
(100, 15, 12, 1),
(101, 0, 12, 2),
(102, 0, 12, 3),
(103, 0, 12, 4),
(104, 0, 12, 5),
(105, 0, 12, 6),
(106, 0, 12, 7),
(107, 0, 12, 8),
(108, 0, 12, 9),
(109, 15, 13, 1),
(110, 0, 13, 2),
(111, 0, 13, 3),
(112, 0, 13, 4),
(113, 0, 13, 5),
(114, 0, 13, 6),
(115, 0, 13, 7),
(116, 0, 13, 8),
(117, 0, 13, 9),
(118, 15, 14, 1),
(119, 0, 14, 2),
(120, 0, 14, 3),
(121, 0, 14, 4),
(122, 0, 14, 5),
(123, 0, 14, 6),
(124, 0, 14, 7),
(125, 0, 14, 8),
(126, 0, 14, 9),
(142, 0, 16, 7),
(141, 0, 16, 6),
(139, 0, 16, 4),
(140, 0, 16, 5),
(138, 0, 16, 3),
(137, 0, 16, 2),
(136, 15, 16, 1),
(144, 0, 16, 9),
(143, 0, 16, 8),
(747, 0, 35, 9),
(746, 0, 35, 8),
(745, 0, 35, 7),
(744, 0, 35, 6),
(743, 0, 35, 5),
(742, 0, 35, 4),
(741, 6, 35, 3),
(740, 5, 35, 2),
(739, 4, 35, 1),
(738, 0, 34, 9),
(737, 0, 34, 8),
(736, 0, 34, 7),
(735, 0, 34, 6),
(734, 0, 34, 5),
(733, 0, 34, 4),
(732, 0, 34, 3),
(731, 0, 34, 2),
(730, 15, 34, 1),
(729, 0, 33, 9),
(728, 0, 33, 8),
(727, 0, 33, 7),
(726, 0, 33, 6),
(725, 0, 33, 5),
(724, 0, 33, 4),
(723, 0, 33, 3),
(722, 0, 33, 2),
(721, 15, 33, 1),
(720, 0, 32, 9),
(719, 8, 32, 8),
(718, 7, 32, 7),
(717, 0, 32, 6),
(716, 0, 32, 5),
(715, 0, 32, 4),
(714, 0, 32, 3),
(713, 0, 32, 2),
(712, 0, 32, 1),
(704, 0, 31, 2),
(705, 0, 31, 3),
(703, 0, 31, 1),
(706, 7, 31, 4),
(707, 8, 31, 5),
(708, 0, 31, 6),
(709, 0, 31, 7),
(710, 0, 31, 8),
(711, 0, 31, 9),
(702, 15, 30, 9),
(701, 0, 30, 8),
(700, 0, 30, 7),
(699, 0, 30, 6),
(698, 0, 30, 5),
(697, 0, 30, 4),
(696, 0, 30, 3),
(695, 0, 30, 2),
(694, 0, 30, 1),
(693, 0, 29, 9),
(692, 15, 29, 8),
(691, 0, 29, 7),
(690, 0, 29, 6),
(689, 0, 29, 5),
(688, 0, 29, 4),
(687, 0, 29, 3),
(686, 0, 29, 2),
(685, 0, 29, 1),
(684, 0, 28, 9),
(683, 45, 28, 8),
(682, 0, 28, 7),
(681, 0, 28, 6),
(680, 0, 28, 5),
(679, 0, 28, 4),
(678, 0, 28, 3),
(677, 0, 28, 2),
(676, 0, 28, 1),
(675, 0, 27, 9),
(674, 30, 27, 8),
(673, 0, 27, 7),
(672, 0, 27, 6),
(671, 0, 27, 5),
(670, 0, 27, 4),
(669, 0, 27, 3),
(668, 0, 27, 2),
(667, 0, 27, 1),
(666, 0, 26, 9),
(665, 15, 26, 8),
(664, 0, 26, 7),
(663, 0, 26, 6),
(662, 0, 26, 5),
(661, 0, 26, 4),
(660, 0, 26, 3),
(659, 0, 26, 2),
(658, 0, 26, 1),
(657, 0, 25, 9),
(656, 0, 25, 8),
(655, 0, 25, 7),
(654, 0, 25, 6),
(653, 0, 25, 5),
(652, 0, 25, 4),
(651, 0, 25, 3),
(650, 0, 25, 2),
(649, 15, 25, 1),
(648, 0, 24, 9),
(647, 0, 24, 8),
(646, 5, 24, 7),
(645, 6, 24, 6),
(644, 2, 24, 5),
(643, 2, 24, 4),
(642, 0, 24, 3),
(641, 0, 24, 2),
(640, 0, 24, 1),
(639, 0, 23, 9),
(638, 0, 23, 8),
(637, 15, 23, 7),
(636, 0, 23, 6),
(635, 0, 23, 5),
(634, 0, 23, 4),
(633, 0, 23, 3),
(632, 0, 23, 2),
(631, 0, 23, 1),
(630, 0, NULL, 9),
(629, 0, NULL, 8),
(628, 15, NULL, 7),
(627, 0, NULL, 6),
(626, 0, NULL, 5),
(625, 0, NULL, 4),
(624, 0, NULL, 3),
(623, 0, NULL, 2),
(622, 0, NULL, 1),
(612, 0, 19, 9),
(611, 0, 19, 8),
(610, 0, 19, 7),
(609, 0, 19, 6),
(608, 0, 19, 5),
(607, 0, 19, 4),
(606, 0, 19, 3),
(605, 0, 19, 2),
(604, 15, 19, 1),
(603, 0, 18, 9),
(602, 0, 18, 8),
(601, 0, 18, 7),
(600, 0, 18, 6),
(599, 1, 18, 5),
(598, 1, 18, 4),
(597, 0, 18, 3),
(596, 13, 18, 2),
(595, 0, 18, 1);

-- --------------------------------------------------------

--
-- Structure de la table `spaceumad_item`
--

CREATE TABLE IF NOT EXISTS `spaceumad_item` (
  `mIdItem` int(11) NOT NULL,
  `mDescription` varchar(255) DEFAULT NULL,
  `mName` varchar(255) DEFAULT NULL,
  `mPrice` float NOT NULL,
  `mSpriteId` varchar(255) DEFAULT NULL,
  `mStackMax` int(11) NOT NULL,
  `mIdItemTier` int(11) DEFAULT NULL,
  `mIdItemType` int(11) DEFAULT NULL,
  `mBuyable` bit(1) NOT NULL,
  `mConsumptionMax` float NOT NULL,
  `mConsumptionMin` float NOT NULL,
  `mProductionMax` float NOT NULL,
  `mProductionMin` float NOT NULL,
  `mStockMaximumMax` bigint(20) NOT NULL,
  `mStockMaximumMin` bigint(20) NOT NULL,
  `mStockMinimumMax` bigint(20) NOT NULL,
  `mStockMinimumMin` bigint(20) NOT NULL,
  PRIMARY KEY (`mIdItem`),
  KEY `FK6922F1D1EE4F2BD1` (`mIdItemType`),
  KEY `FK6922F1D1EE4EB121` (`mIdItemTier`)
) ENGINE=MyISAM DEFAULT CHARSET=latin1;

--
-- Contenu de la table `spaceumad_item`
--

INSERT INTO `spaceumad_item` (`mIdItem`, `mDescription`, `mName`, `mPrice`, `mSpriteId`, `mStackMax`, `mIdItemTier`, `mIdItemType`, `mBuyable`, `mConsumptionMax`, `mConsumptionMin`, `mProductionMax`, `mProductionMin`, `mStockMaximumMax`, `mStockMaximumMin`, `mStockMinimumMax`, `mStockMinimumMin`) VALUES
(1, 'ammoSmallCarbonizedLeadDescription', 'ammoSmallCarbonizedLeadName', 11, '0-7', 4000, 1, 65, b'1', 20000, 0, 20000, 0, 80000, 44000, 40000, 20000),
(2, 'ammoSmallTitaniumSabotDescription', 'ammoSmallTitaniumSabotName', 24, '1-7', 4000, 2, 65, b'1', 20000, 0, 20000, 0, 80000, 44000, 40000, 20000),
(3, 'ammoSmallNuclearDescription', 'ammoSmallNuclearName', 12, '2-7', 4000, 1, 65, b'1', 20000, 0, 20000, 0, 80000, 44000, 40000, 20000),
(4, 'ammoSmallFusionDescription', 'ammoSmallFusionName', 23, '3-7', 4000, 2, 65, b'1', 20000, 0, 20000, 0, 80000, 44000, 40000, 20000),
(5, 'ammoSmallProtonDescription', 'ammoSmallProtonName', 12, '4-7', 4000, 1, 65, b'1', 20000, 0, 20000, 0, 80000, 44000, 40000, 20000),
(6, 'ammoSmallEMPDescription', 'ammoSmallEMPName', 29, '5-7', 4000, 2, 65, b'1', 20000, 0, 20000, 0, 80000, 44000, 40000, 20000),
(7, 'shipModelFrigate1Description', 'shipModelFrigate1Name', 1e+006, '0-6', 1, 1, 35, b'1', 2.5, 0.5, 2.5, 0.5, 10, 5, 2, 1),
(8, 'shipModelFrigate2Description', 'shipModelFrigate2Name', 1e+006, '0-6', 1, 2, 35, b'1', 2.5, 0.5, 2.5, 0.5, 10, 5, 2, 1),
(9, 'shipModelFXT03Description', 'shipModelFXT03Name', 500, '0-0', 1, 1, 35, b'0', 0, 0, 0, 0, 0, 0, 0, 0),
(10, 'weaponKineticSmallLACIDescription', 'weaponKineticSmallLACIName', 47000, '0-1', 1, 1, 47, b'1', 10, 0, 10, 0, 40, 22, 20, 10),
(11, 'weaponKineticSmallLACIIDescription', 'weaponKineticSmallLACIIName', 880000, '0-1', 1, 2, 47, b'1', 10, 0, 10, 0, 40, 22, 20, 10),
(12, 'weaponKineticSmallHAIDescription', 'weaponKineticSmallHAIName', 95000, '0-1', 1, 1, 47, b'1', 10, 0, 10, 0, 40, 22, 20, 10),
(13, 'weaponKineticSmallHAIIDescription', 'weaponKineticSmallHAIIName', 990000, '0-1', 1, 2, 47, b'1', 10, 0, 10, 0, 40, 22, 20, 10),
(14, 'weaponKineticSmallLACIIIDescription', 'weaponKineticSmallLACIIIName', 1.875e+007, '0-1', 1, 3, 47, b'1', 10, 0, 10, 0, 40, 22, 20, 10),
(15, 'weaponKineticSmallHAIIIDescription', 'weaponKineticSmallHAIIIName', 4.2e+007, '0-1', 1, 3, 47, b'1', 10, 0, 10, 0, 40, 22, 20, 10),
(16, 'weaponKineticSmallGACIDescription', 'weaponKineticSmallGACIName', 12500, '1-1', 1, 1, 47, b'1', 10, 0, 10, 0, 40, 22, 20, 10),
(18, 'ammoSmallDepletedUraniumDescription', 'ammoSmallDepletedUraniumName', 16, '6-7', 4000, 1, 65, b'1', 20000, 0, 20000, 0, 80000, 44000, 40000, 20000),
(19, 'ammoSmallPhasedPlasmaDescription', 'ammoSmallPhasedPlasmaName', 34, '7-7', 4000, 2, 65, b'1', 20000, 0, 20000, 0, 80000, 44000, 40000, 20000),
(20, 'ammoMediumCarbonizedLeadDescription', 'ammoMediumCarbonizedLeadName', 23, '8-7', 800, 1, 66, b'1', 4000, 0, 4000, 0, 16000, 8800, 8000, 4000),
(21, 'ammoMediumTitaniumSabotDescription', 'ammoMediumTitaniumSabotName', 61, '9-7', 800, 2, 66, b'1', 4000, 0, 4000, 0, 16000, 8800, 8000, 4000),
(22, 'ammoMediumNuclearDescription', 'ammoMediumNuclearName', 35, '10-7', 800, 1, 66, b'1', 4000, 0, 4000, 0, 16000, 8800, 8000, 4000),
(23, 'ammoMediumFusionDescription', 'ammoMediumFusionName', 63, '11-7', 800, 2, 66, b'1', 4000, 0, 4000, 0, 16000, 8800, 8000, 4000),
(24, 'ammoMediumProtonDescription', 'ammoMediumProtonName', 46, '12-7', 800, 1, 66, b'1', 4000, 0, 4000, 0, 16000, 8800, 8000, 4000),
(25, 'ammoMediumEMPDescription', 'ammoMediumEMPName', 89, '13-7', 800, 2, 66, b'1', 4000, 0, 4000, 0, 16000, 8800, 8000, 4000),
(26, 'ammoMediumDepletedUraniumDescription', 'ammoMediumDepletedUraniumName', 60, '14-7', 800, 1, 66, b'1', 4000, 0, 4000, 0, 16000, 8800, 8000, 4000),
(27, 'ammoMediumPhasedPlasmaDescription', 'ammoMediumPhasedPlasmaName', 80, '15-7', 800, 2, 66, b'1', 4000, 0, 4000, 0, 16000, 8800, 8000, 4000),
(32768, 'ammoLargeCarbonizedLeadDescription', 'ammoLargeCarbonizedLeadName', 45, '0-8', 400, 1, 67, b'1', 2000, 0, 2000, 0, 8000, 4400, 4000, 2000),
(32769, 'ammoLargeTitaniumSabotDescription', 'ammoLargeTitaniumSabotName', 125, '1-8', 400, 2, 67, b'1', 2000, 0, 2000, 0, 8000, 4400, 4000, 2000),
(32770, 'ammoLargeNuclearDescription', 'ammoLargeNuclearName', 68, '2-8', 400, 1, 67, b'1', 2000, 0, 2000, 0, 8000, 4400, 4000, 2000),
(32771, 'ammoLargeFusionDescription', 'ammoLargeFusionName', 169, '3-8', 400, 2, 67, b'1', 2000, 0, 2000, 0, 8000, 4400, 4000, 2000),
(32772, 'ammoLargeProtonDescription', 'ammoLargeProtonName', 90, '4-8', 400, 1, 67, b'1', 2000, 0, 2000, 0, 8000, 4400, 4000, 2000),
(32773, 'ammoLargeEMPDescription', 'ammoLargeEMPName', 193, '5-8', 400, 2, 67, b'1', 2000, 0, 2000, 0, 8000, 4400, 4000, 2000),
(32774, 'ammoLargeDepletedUraniumDescription', 'ammoLargeDepletedUraniumName', 119, '6-8', 400, 1, 67, b'1', 2000, 0, 2000, 0, 8000, 4400, 4000, 2000),
(32775, 'ammoLargePhasedPlasmaDescription', 'ammoLargePhasedPlasmaName', 175, '7-8', 400, 2, 67, b'1', 2000, 0, 2000, 0, 8000, 4400, 4000, 2000),
(32776, 'ammoExtraLargeCarbonizedLeadDescription', 'ammoExtraLargeCarbonizedLeadName', 372, '8-8', 80, 1, 68, b'1', 400, 0, 400, 0, 1600, 880, 800, 400),
(32777, 'ammoExtraLargeTitaniumSabotDescription', 'ammoExtraLargeTitaniumSabotName', 1347, '9-8', 80, 2, 68, b'1', 400, 0, 400, 0, 1600, 880, 800, 400),
(32778, 'ammoExtraLargeNuclearDescription', 'ammoExtraLargeNuclearName', 710, '10-8', 80, 1, 68, b'1', 400, 0, 400, 0, 1600, 880, 800, 400),
(32779, 'ammoExtraLargeFusionDescription', 'ammoExtraLargeFusionName', 1744, '11-8', 80, 2, 68, b'1', 400, 0, 400, 0, 1600, 880, 800, 400),
(32780, 'ammoExtraLargeProtonDescription', 'ammoExtraLargeProtonName', 749, '12-8', 80, 1, 68, b'1', 400, 0, 400, 0, 1600, 880, 800, 400),
(32781, 'ammoExtraLargeEMPDescription', 'ammoExtraLargeEMPName', 1880, '13-8', 80, 2, 68, b'1', 400, 0, 400, 0, 1600, 880, 800, 400),
(32782, 'ammoExtraLargeDepletedUraniumDescription', 'ammoExtraLargeDepletedUraniumName', 1296, '14-8', 80, 1, 68, b'1', 400, 0, 400, 0, 1600, 880, 800, 400),
(32783, 'ammoExtraLargePhasedPlasmaDescription', 'ammoExtraLargePhasedPlasmaName', 2485, '15-8', 80, 2, 68, b'1', 400, 0, 400, 0, 1600, 880, 800, 400),
(32784, 'ammoSmallAntimatterChargeDescription', 'ammoSmallAntimatterChargeName', 17, '0-9', 4000, 1, 69, b'1', 20000, 0, 20000, 0, 80000, 44000, 40000, 20000),
(32785, 'ammoSmallUraniumChargeDescription', 'ammoSmallUraniumChargeName', 30, '1-9', 4000, 2, 69, b'1', 20000, 0, 20000, 0, 80000, 44000, 40000, 20000),
(32786, 'ammoSmallPlutoniumChargeDescription', 'ammoSmallPlutoniumChargeName', 15, '2-9', 4000, 1, 69, b'1', 20000, 0, 20000, 0, 80000, 44000, 40000, 20000),
(32787, 'ammoSmallLeadChargeDescription', 'ammoSmallLeadChargeName', 20, '3-9', 4000, 2, 69, b'1', 20000, 0, 20000, 0, 80000, 44000, 40000, 20000),
(32788, 'ammoSmallTungstenChargeDescription', 'ammoSmallTungstenChargeName', 10, '4-9', 4000, 1, 69, b'1', 20000, 0, 20000, 0, 80000, 44000, 40000, 20000),
(32789, 'ammoSmallIronChargeDescription', 'ammoSmallIronChargeName', 15, '5-9', 4000, 2, 69, b'1', 20000, 0, 20000, 0, 80000, 44000, 40000, 20000),
(32790, 'ammoSmallIridiumChargeDescription', 'ammoSmallIridiumChargeName', 17, '6-9', 4000, 1, 69, b'1', 20000, 0, 20000, 0, 80000, 44000, 40000, 20000),
(32791, 'ammoSmallThoriumChargeDescription', 'ammoSmallThoriumChargeName', 22, '7-9', 4000, 2, 69, b'1', 20000, 0, 20000, 0, 80000, 44000, 40000, 20000),
(32792, 'ammoMediumAntimatterChargeDescription', 'ammoMediumAntimatterChargeName', 75, '8-9', 800, 1, 70, b'1', 4000, 0, 4000, 0, 16000, 8800, 8000, 4000),
(32793, 'ammoMediumUraniumChargeDescription', 'ammoMediumUraniumChargeName', 91, '9-9', 800, 2, 70, b'1', 4000, 0, 4000, 0, 16000, 8800, 8000, 4000),
(32794, 'ammoMediumPlutoniumChargeDescription', 'ammoMediumPlutoniumChargeName', 56, '10-9', 800, 1, 70, b'1', 4000, 0, 4000, 0, 16000, 8800, 8000, 4000),
(32795, 'ammoMediumLeadChargeDescription', 'ammoMediumLeadChargeName', 80, '11-9', 800, 2, 70, b'1', 4000, 0, 4000, 0, 16000, 8800, 8000, 4000),
(32796, 'ammoMediumTungstenChargeDescription', 'ammoMediumTungstenChargeName', 38, '12-9', 800, 1, 70, b'1', 4000, 0, 4000, 0, 16000, 8800, 8000, 4000),
(32797, 'ammoMediumIronChargeDescription', 'ammoMediumIronChargeName', 74, '13-9', 800, 2, 70, b'1', 4000, 0, 4000, 0, 16000, 8800, 8000, 4000),
(32798, 'ammoMediumIridiumChargeDescription', 'ammoMediumIridiumChargeName', 50, '14-9', 800, 1, 70, b'1', 4000, 0, 4000, 0, 16000, 8800, 8000, 4000),
(32799, 'ammoMediumThoriumChargeDescription', 'ammoMediumThoriumChargeName', 75, '15-9', 800, 2, 70, b'1', 4000, 0, 4000, 0, 16000, 8800, 8000, 4000),
(32800, 'ammoLargeAntimatterChargeDescription', 'ammoLargeAntimatterChargeName', 190, '0-10', 400, 1, 71, b'1', 2000, 0, 2000, 0, 8000, 4400, 4000, 2000),
(32801, 'ammoLargeUraniumChargeDescription', 'ammoLargeUraniumChargeName', 190, '1-10', 400, 2, 71, b'1', 2000, 0, 2000, 0, 8000, 4400, 4000, 2000),
(32802, 'ammoLargePlutoniumChargeDescription', 'ammoLargePlutoniumChargeName', 180, '2-10', 400, 1, 71, b'1', 2000, 0, 2000, 0, 8000, 4400, 4000, 2000),
(32803, 'ammoLargeLeadChargeDescription', 'ammoLargeLeadChargeName', 125, '3-10', 400, 2, 71, b'1', 2000, 0, 2000, 0, 8000, 4400, 4000, 2000),
(32804, 'ammoLargeTungstenChargeDescription', 'ammoLargeTungstenChargeName', 67, '4-10', 400, 1, 71, b'1', 2000, 0, 2000, 0, 8000, 4400, 4000, 2000),
(32805, 'ammoLargeIronChargeDescription', 'ammoLargeIronChargeName', 59, '5-10', 400, 2, 71, b'1', 2000, 0, 2000, 0, 8000, 4400, 4000, 2000),
(32806, 'ammoLargeIridiumChargeDescription', 'ammoLargeIridiumChargeName', 98, '6-10', 400, 1, 71, b'1', 2000, 0, 2000, 0, 8000, 4400, 4000, 2000),
(32807, 'ammoLargeThoriumChargeDescription', 'ammoLargeThoriumChargeName', 142, '7-10', 400, 2, 71, b'1', 2000, 0, 2000, 0, 8000, 4400, 4000, 2000),
(32808, 'ammoExtraLargeAntimatterChargeDescription', 'ammoExtraLargeAntimatterChargeName', 1875, '8-10', 80, 1, 72, b'1', 400, 0, 400, 0, 1600, 880, 800, 400),
(32809, 'ammoExtraLargeUraniumChargeDescription', 'ammoExtraLargeUraniumChargeName', 1529, '9-10', 80, 2, 72, b'1', 400, 0, 400, 0, 1600, 880, 800, 400),
(32810, 'ammoExtraLargePlutoniumChargeDescription', 'ammoExtraLargePlutoniumChargeName', 1772, '10-10', 80, 1, 72, b'1', 400, 0, 400, 0, 1600, 880, 800, 400),
(32811, 'ammoExtraLargeLeadChargeDescription', 'ammoExtraLargeLeadChargeName', 1074, '11-10', 80, 2, 72, b'1', 400, 0, 400, 0, 1600, 880, 800, 400),
(32812, 'ammoExtraLargeTungstenChargeDescription', 'ammoExtraLargeTungstenChargeName', 1400, '12-10', 80, 1, 72, b'1', 400, 0, 400, 0, 1600, 880, 800, 400),
(32813, 'ammoExtraLargeIronChargeDescription', 'ammoExtraLargeIronChargeName', 575, '13-10', 80, 2, 72, b'1', 400, 0, 400, 0, 1600, 880, 800, 400),
(32814, 'ammoExtraLargeIridiumChargeDescription', 'ammoExtraLargeIridiumChargeName', 671, '14-10', 80, 1, 72, b'1', 400, 0, 400, 0, 1600, 880, 800, 400),
(32815, 'ammoExtraLargeThoriumChargeDescription', 'ammoExtraLargeThoriumChargeName', 1273, '15-10', 80, 2, 72, b'1', 400, 0, 400, 0, 1600, 880, 800, 400),
(32823, 'ammoSmallMjolnirIIDescription', 'ammoSmallMjolnirIIName', 24, '3-11', 2000, 2, 73, b'1', 10000, 0, 10000, 0, 40000, 22000, 20000, 10000),
(32822, 'ammoSmallMjolnirIDescription', 'ammoSmallMjolnirIName', 12, '2-11', 2000, 1, 73, b'1', 10000, 0, 10000, 0, 40000, 22000, 20000, 10000),
(32821, 'ammoSmallScourgeIIDescription', 'ammoSmallScourgeIIName', 24, '1-11', 2000, 2, 73, b'1', 10000, 0, 10000, 0, 40000, 22000, 20000, 10000),
(32820, 'ammoSmallScourgeIDescription', 'ammoSmallScourgeIName', 12, '0-11', 2000, 1, 73, b'1', 10000, 0, 10000, 0, 40000, 22000, 20000, 10000),
(32824, 'ammoSmallNovaIDescription', 'ammoSmallNovaIName', 12, '4-11', 2000, 1, 73, b'1', 10000, 0, 10000, 0, 40000, 22000, 20000, 10000),
(32825, 'ammoSmallNovaIIDescription', 'ammoSmallNovaIIName', 24, '5-11', 2000, 2, 73, b'1', 10000, 0, 10000, 0, 40000, 22000, 20000, 10000),
(32826, 'ammoSmallInfernoIDescription', 'ammoSmallInfernoIName', 12, '6-11', 2000, 1, 73, b'1', 10000, 0, 10000, 0, 40000, 22000, 20000, 10000),
(32827, 'ammoSmallInfernoIIDescription', 'ammoSmallInfernoIIName', 24, '7-11', 2000, 2, 73, b'1', 10000, 0, 10000, 0, 40000, 22000, 20000, 10000),
(32828, 'ammoMediumScourgeIDescription', 'ammoMediumScourgeIName', 24, '8-11', 666, 1, 74, b'1', 3330, 0, 3330, 0, 13320, 7326, 6660, 3330),
(32829, 'ammoMediumScourgeIIDescription', 'ammoMediumScourgeIIName', 48, '9-11', 666, 2, 74, b'1', 3330, 0, 3330, 0, 13320, 7326, 6660, 3330),
(32830, 'ammoMediumMjolnirIDescription', 'ammoMediumMjolnirIName', 24, '10-11', 666, 1, 74, b'1', 3330, 0, 3330, 0, 13320, 7326, 6660, 3330),
(32831, 'ammoMediumMjolnirIIDescription', 'ammoMediumMjolnirIIName', 48, '11-11', 666, 2, 74, b'1', 3330, 0, 3330, 0, 13320, 7326, 6660, 3330),
(32832, 'ammoMediumNovaIDescription', 'ammoMediumNovaIName', 24, '12-11', 666, 1, 74, b'1', 3330, 0, 3330, 0, 13320, 7326, 6660, 3330),
(32833, 'ammoMediumNovaIIDescription', 'ammoMediumNovaIIName', 48, '13-11', 666, 2, 74, b'1', 3330, 0, 3330, 0, 13320, 7326, 6660, 3330),
(32834, 'ammoMediumInfernoIDescription', 'ammoMediumInfernoIName', 24, '14-11', 666, 1, 74, b'1', 3330, 0, 3330, 0, 13320, 7326, 6660, 3330),
(32835, 'ammoMediumInfernoIIDescription', 'ammoMediumInfernoIIName', 48, '15-11', 666, 2, 74, b'1', 3330, 0, 3330, 0, 13320, 7326, 6660, 3330),
(32836, 'ammoLargeScourgeIDescription', 'ammoLargeScourgeIName', 48, '0-12', 333, 1, 75, b'1', 1665, 0, 1665, 0, 6660, 3663, 3330, 1665),
(32837, 'ammoLargeScourgeIIDescription', 'ammoLargeScourgeIIName', 96, '1-12', 333, 2, 75, b'1', 1665, 0, 1665, 0, 6660, 3663, 3330, 1665),
(32838, 'ammoLargeMjolnirIDescription', 'ammoLargeMjolnirIName', 48, '2-12', 333, 1, 75, b'1', 1665, 0, 1665, 0, 6660, 3663, 3330, 1665),
(32839, 'ammoLargeMjolnirIIDescription', 'ammoLargeMjolnirIIName', 96, '3-12', 333, 2, 75, b'1', 1665, 0, 1665, 0, 6660, 3663, 3330, 1665),
(32840, 'ammoLargeNovaIDescription', 'ammoLargeNovaIName', 48, '4-12', 333, 1, 75, b'1', 1665, 0, 1665, 0, 6660, 3663, 3330, 1665),
(32841, 'ammoLargeNovaIIDescription', 'ammoLargeNovaIIName', 96, '5-12', 333, 2, 75, b'1', 1665, 0, 1665, 0, 6660, 3663, 3330, 1665),
(32842, 'ammoLargeInfernoIDescription', 'ammoLargeInfernoIName', 48, '6-12', 333, 1, 75, b'1', 1665, 0, 1665, 0, 6660, 3663, 3330, 1665),
(32843, 'ammoLargeInfernoIIDescription', 'ammoLargeInfernoIIName', 96, '7-12', 333, 2, 75, b'1', 1665, 0, 1665, 0, 6660, 3663, 3330, 1665),
(32844, 'ammoExtraLargeScourgeIDescription', 'ammoExtraLargeScourgeIName', 96, '8-12', 200, 1, 76, b'1', 1000, 0, 1000, 0, 4000, 2200, 2000, 1000),
(32845, 'ammoExtraLargeScourgeIIDescription', 'ammoExtraLargeScourgeIIName', 192, '9-12', 200, 2, 76, b'1', 1000, 0, 1000, 0, 4000, 2200, 2000, 1000),
(32846, 'ammoExtraLargeMjolnirIDescription', 'ammoExtraLargeMjolnirIName', 96, '10-12', 200, 1, 76, b'1', 1000, 0, 1000, 0, 4000, 2200, 2000, 1000),
(32847, 'ammoExtraLargeMjolnirIIDescription', 'ammoExtraLargeMjolnirIIName', 192, '11-12', 200, 2, 76, b'1', 1000, 0, 1000, 0, 4000, 2200, 2000, 1000),
(32848, 'ammoExtraLargeNovaIDescription', 'ammoExtraLargeNovaIName', 96, '12-12', 200, 1, 76, b'1', 1000, 0, 1000, 0, 4000, 2200, 2000, 1000),
(32849, 'ammoExtraLargeNovaIIDescription', 'ammoExtraLargeNovaIIName', 192, '13-12', 200, 2, 76, b'1', 1000, 0, 1000, 0, 4000, 2200, 2000, 1000),
(32850, 'ammoExtraLargeInfernoIDescription', 'ammoExtraLargeInfernoIName', 96, '14-12', 200, 1, 76, b'1', 1000, 0, 1000, 0, 4000, 2200, 2000, 1000),
(32851, 'ammoExtraLargeInfernoIIDescription', 'ammoExtraLargeInfernoIIName', 192, '15-12', 200, 2, 76, b'1', 1000, 0, 1000, 0, 4000, 2200, 2000, 1000),
(17, 'weaponKineticSmallGACIIDescription', 'weaponKineticSmallGACIIName', 460000, '1-1', 1, 2, 47, b'1', 10, 0, 10, 0, 40, 22, 20, 10),
(950272, 'weaponKineticSmallGACIIIDescription', 'weaponKineticSmallGACIIIName', 6.97e+007, '1-1', 1, 3, 47, b'1', 10, 0, 10, 0, 40, 22, 20, 10),
(950273, 'weaponKineticSmallLACI150Description', 'weaponKineticSmallLACI150Name', 29300, '1-1', 1, 1, 47, b'1', 10, 0, 10, 0, 40, 22, 20, 10),
(950274, 'weaponKineticSmallLACII150Description', 'weaponKineticSmallLACII150Name', 620000, '1-1', 1, 2, 47, b'1', 10, 0, 10, 0, 40, 22, 20, 10),
(950275, 'weaponKineticSmallLACIII150Description', 'weaponKineticSmallLACIII150Name', 8.4e+007, '1-1', 1, 3, 47, b'1', 10, 0, 10, 0, 40, 22, 20, 10),
(950276, 'weaponKineticSmallACIDescription', 'weaponKineticSmallACIName', 27410, '1-1', 1, 1, 47, b'1', 10, 0, 10, 0, 40, 22, 20, 10),
(950277, 'weaponKineticSmallACIIDescription', 'weaponKineticSmallACIIName', 750000, '1-1', 1, 2, 47, b'1', 10, 0, 10, 0, 40, 22, 20, 10),
(950278, 'weaponKineticSmallACIIIDescription', 'weaponKineticSmallACIIIName', 1.22e+008, '1-1', 1, 3, 47, b'1', 10, 0, 10, 0, 40, 22, 20, 10),
(983040, 'weaponKineticMedium650ACIDescription', 'weaponKineticMedium650ACIName', 210000, '2-1', 1, 1, 48, b'1', 5, 0, 5, 0, 20, 11, 10, 5),
(983041, 'weaponKineticMedium650ACIIDescription', 'weaponKineticMedium650ACIIName', 1e+006, '2-1', 1, 2, 48, b'1', 5, 0, 5, 0, 20, 11, 10, 5),
(983042, 'weaponKineticMedium650ACIIIDescription', 'weaponKineticMedium650ACIIIName', 3.5e+007, '2-1', 1, 3, 48, b'1', 5, 0, 5, 0, 20, 11, 10, 5),
(983043, 'weaponKineticMedium720HAIDescription', 'weaponKineticMedium720HAIName', 260000, '2-1', 1, 1, 48, b'1', 5, 0, 5, 0, 20, 11, 10, 5),
(983044, 'weaponKineticMedium720HAIIDescription', 'weaponKineticMedium720HAIIName', 1.85e+006, '2-1', 1, 2, 48, b'1', 5, 0, 5, 0, 20, 11, 10, 5),
(983045, 'weaponKineticMedium720HAIIIDescription', 'weaponKineticMedium720HAIIIName', 3.5e+007, '2-1', 1, 3, 48, b'1', 5, 0, 5, 0, 20, 11, 10, 5),
(983046, 'weaponKineticMedium220VAIDescription', 'weaponKineticMedium220VAIName', 100000, '3-1', 1, 1, 48, b'1', 5, 0, 5, 0, 20, 11, 10, 5),
(983047, 'weaponKineticMedium220VAIIDescription', 'weaponKineticMedium220VAIIName', 1.2e+006, '3-1', 1, 2, 48, b'1', 5, 0, 5, 0, 20, 11, 10, 5),
(983048, 'weaponKineticMedium220VAIIIDescription', 'weaponKineticMedium220VAIIIName', 5.45e+007, '3-1', 1, 3, 48, b'1', 5, 0, 5, 0, 20, 11, 10, 5),
(983049, 'weaponKineticMedium425AIDescription', 'weaponKineticMedium425AIName', 160000, '3-1', 1, 1, 48, b'1', 5, 0, 5, 0, 20, 11, 10, 5),
(983050, 'weaponKineticMedium425AIIDescription', 'weaponKineticMedium425AIIName', 1.22e+006, '3-1', 1, 2, 48, b'1', 5, 0, 5, 0, 20, 11, 10, 5),
(983051, 'weaponKineticMedium425AIIIDescription', 'weaponKineticMedium425AIIIName', 7.3e+007, '3-1', 1, 3, 48, b'1', 5, 0, 5, 0, 20, 11, 10, 5),
(983052, 'weaponKineticMediumDual180AIDescription', 'weaponKineticMediumDual180AIName', 45000, '3-1', 1, 1, 48, b'1', 5, 0, 5, 0, 20, 11, 10, 5),
(983053, 'weaponKineticMediumDual180AIIDescription', 'weaponKineticMediumDual180AIIName', 1.1e+006, '3-1', 1, 2, 48, b'1', 5, 0, 5, 0, 20, 11, 10, 5),
(983054, 'weaponKineticMediumDual180AIIIDescription', 'weaponKineticMediumDual180AIIIName', 6.3e+007, '3-1', 1, 3, 48, b'1', 5, 0, 5, 0, 20, 11, 10, 5),
(983055, 'weaponKineticLarge1200ACIDescription', 'weaponKineticLarge1200ACIName', 1.5e+006, '4-1', 1, 1, 49, b'1', 5, 0, 5, 0, 20, 11, 10, 5),
(983056, 'weaponKineticLarge1200ACIIDescription', 'weaponKineticLarge1200ACIIName', 3.59e+006, '4-1', 1, 2, 49, b'1', 5, 0, 5, 0, 20, 11, 10, 5),
(983057, 'weaponKineticLarge1200ACIIIDescription', 'weaponKineticLarge1200ACIIIName', 4.8e+007, '4-1', 1, 3, 49, b'1', 5, 0, 5, 0, 20, 11, 10, 5),
(983058, 'weaponKineticLarge1400HAIDescription', 'weaponKineticLarge1400HAIName', 1.22e+006, '4-1', 1, 1, 49, b'1', 5, 0, 5, 0, 20, 11, 10, 5),
(983059, 'weaponKineticLarge1400HAIIDescription', 'weaponKineticLarge1400HAIIName', 4.8e+006, '4-1', 1, 2, 49, b'1', 5, 0, 5, 0, 20, 11, 10, 5),
(983060, 'weaponKineticLarge1400HAIIIDescription', 'weaponKineticLarge1400HAIIIName', 1.04e+008, '4-1', 1, 3, 49, b'1', 5, 0, 5, 0, 20, 11, 10, 5),
(983061, 'weaponKineticLarge1200ACIVDescription', 'weaponKineticLarge1200ACIVName', 4e+008, '4-1', 1, 4, 49, b'1', 5, 0, 5, 0, 20, 11, 10, 5),
(983062, 'weaponKineticLarge1400HAIVDescription', 'weaponKineticLarge1400HAIVName', 2e+009, '4-1', 1, 4, 49, b'1', 5, 0, 5, 0, 20, 11, 10, 5),
(983063, 'weaponKineticLarge800RAIDescription', 'weaponKineticLarge800RAIName', 1.3e+006, '5-1', 1, 1, 49, b'1', 5, 0, 5, 0, 20, 11, 10, 5),
(983064, 'weaponKineticLarge800RAIIDescription', 'weaponKineticLarge800RAIIName', 3e+006, '5-1', 1, 2, 49, b'1', 5, 0, 5, 0, 20, 11, 10, 5),
(983065, 'weaponKineticLarge800RAIIIDescription', 'weaponKineticLarge800RAIIIName', 9e+007, '5-1', 1, 3, 49, b'1', 5, 0, 5, 0, 20, 11, 10, 5),
(983066, 'weaponKineticLarge800RAIVDescription', 'weaponKineticLarge800RAIVName', 5.75e+009, '5-1', 1, 4, 49, b'1', 5, 0, 5, 0, 20, 11, 10, 5),
(983067, 'weaponKineticLarge425ACIDescription', 'weaponKineticLarge425ACIName', 400000, '5-1', 1, 1, 49, b'1', 5, 0, 5, 0, 20, 11, 10, 5),
(983068, 'weaponKineticLarge425ACIIDescription', 'weaponKineticLarge425ACIIName', 1.6e+006, '5-1', 1, 2, 49, b'1', 5, 0, 5, 0, 20, 11, 10, 5),
(983069, 'weaponKineticLarge425ACIIIDescription', 'weaponKineticLarge425ACIIIName', 6.2e+007, '5-1', 1, 3, 49, b'1', 5, 0, 5, 0, 20, 11, 10, 5),
(983070, 'weaponKineticLarge425ACIVDescription', 'weaponKineticLarge425ACIVName', 1.558e+009, '5-1', 1, 4, 49, b'1', 5, 0, 5, 0, 20, 11, 10, 5),
(983071, 'weaponKineticLargeDual650RAIDescription', 'weaponKineticLargeDual650RAIName', 1.2e+006, '5-1', 1, 1, 49, b'1', 5, 0, 5, 0, 20, 11, 10, 5),
(983072, 'weaponKineticLargeDual650RAIIDescription', 'weaponKineticLargeDual650RAIIName', 2.28e+006, '5-1', 1, 2, 49, b'1', 5, 0, 5, 0, 20, 11, 10, 5),
(983073, 'weaponKineticLargeDual650RAIIIDescription', 'weaponKineticLargeDual650RAIIIName', 3e+007, '5-1', 1, 3, 49, b'1', 5, 0, 5, 0, 20, 11, 10, 5),
(983074, 'weaponKineticLargeDual650RAIVDescription', 'weaponKineticLargeDual650RAIVName', 1e+009, '5-1', 1, 4, 49, b'1', 5, 0, 5, 0, 20, 11, 10, 5),
(1015808, 'weaponKineticExtraLargeQuad3500SAIDescription', 'weaponKineticExtraLargeQuad3500SAIName', 5.75e+007, '6-1', 1, 1, 50, b'1', 5, 0, 5, 0, 20, 11, 10, 5),
(1015809, 'weaponKineticExtraLargeQuad3500SAIIDescription', 'weaponKineticExtraLargeQuad3500SAIIName', 1.97e+008, '6-1', 1, 2, 50, b'1', 5, 0, 5, 0, 20, 11, 10, 5),
(1015810, 'weaponKineticExtraLarge6x2500RAIDescription', 'weaponKineticExtraLarge6x2500RAIName', 5.975e+007, '7-1', 1, 1, 50, b'1', 5, 0, 5, 0, 20, 11, 10, 5),
(1015811, 'weaponKineticExtraLarge6x2500RAIIDescription', 'weaponKineticExtraLarge6x2500RAIIName', 2.09e+008, '7-1', 1, 2, 50, b'1', 5, 0, 5, 0, 20, 11, 10, 5),
(1048588, 'weaponLaserSmall150RIIIDescription', 'weaponLaserSmall150RIIIName', 7.6e+007, '0-2', 1, 3, 51, b'1', 10, 0, 10, 0, 40, 22, 20, 10),
(1048587, 'weaponLaserSmall150RIIDescription', 'weaponLaserSmall150RIIName', 1e+006, '0-2', 1, 2, 51, b'1', 10, 0, 10, 0, 40, 22, 20, 10),
(1048586, 'weaponLaserSmall150RIDescription', 'weaponLaserSmall150RIName', 39775, '0-2', 1, 1, 51, b'1', 10, 0, 10, 0, 40, 22, 20, 10),
(1048585, 'weaponLaserSmall125RIIIDescription', 'weaponLaserSmall125RIIIName', 5.9e+007, '0-2', 1, 3, 51, b'1', 10, 0, 10, 0, 40, 22, 20, 10),
(1048583, 'weaponLaserSmall125RIDescription', 'weaponLaserSmall125RIName', 29600, '0-2', 1, 1, 51, b'1', 10, 0, 10, 0, 40, 22, 20, 10),
(1048584, 'weaponLaserSmall125RIIDescription', 'weaponLaserSmall125RIIName', 800000, '0-2', 1, 2, 51, b'1', 10, 0, 10, 0, 40, 22, 20, 10),
(1048589, 'weaponLaserSmall75GRIDescription', 'weaponLaserSmall75GRIName', 12000, '0-2', 1, 1, 51, b'1', 10, 0, 10, 0, 40, 22, 20, 10),
(1048590, 'weaponLaserSmall75GRIIDescription', 'weaponLaserSmall75GRIIName', 600000, '0-2', 1, 2, 51, b'1', 10, 0, 10, 0, 40, 22, 20, 10),
(1048591, 'weaponLaserSmall75GRIIIDescription', 'weaponLaserSmall75GRIIIName', 5e+006, '0-2', 1, 3, 51, b'1', 10, 0, 10, 0, 40, 22, 20, 10),
(1048592, 'weaponLaserSmallLEBIDescription', 'weaponLaserSmallLEBIName', 35000, '1-2', 1, 1, 51, b'1', 10, 0, 10, 0, 40, 22, 20, 10),
(1048593, 'weaponLaserSmallLEBIIDescription', 'weaponLaserSmallLEBIIName', 610000, '1-2', 1, 2, 51, b'1', 10, 0, 10, 0, 40, 22, 20, 10),
(1048594, 'weaponLaserSmallLEBIIIDescription', 'weaponLaserSmallLEBIIIName', 1.975e+007, '1-2', 1, 3, 51, b'1', 10, 0, 10, 0, 40, 22, 20, 10),
(1048595, 'weaponLaserSmallLIBIDescription', 'weaponLaserSmallLIBIName', 29000, '1-2', 1, 1, 51, b'1', 10, 0, 10, 0, 40, 22, 20, 10),
(1048596, 'weaponLaserSmallLIBIIDescription', 'weaponLaserSmallLIBIIName', 900000, '1-2', 1, 2, 51, b'1', 10, 0, 10, 0, 40, 22, 20, 10),
(1048597, 'weaponLaserSmallLIBIIIDescription', 'weaponLaserSmallLIBIIIName', 2.3e+007, '1-2', 1, 3, 51, b'1', 10, 0, 10, 0, 40, 22, 20, 10),
(1048598, 'weaponLaserSmallLNBIDescription', 'weaponLaserSmallLNBIName', 48000, '1-2', 1, 1, 51, b'1', 10, 0, 10, 0, 40, 22, 20, 10),
(1048599, 'weaponLaserSmallLNBIIDescription', 'weaponLaserSmallLNBIIName', 1.13e+006, '1-2', 1, 2, 51, b'1', 10, 0, 10, 0, 40, 22, 20, 10),
(1048600, 'weaponLaserSmallLNBIIIDescription', 'weaponLaserSmallLNBIIIName', 3.2e+007, '1-2', 1, 3, 51, b'1', 10, 0, 10, 0, 40, 22, 20, 10),
(1048601, 'weaponLaserMedium200RIDescription', 'weaponLaserMedium200RIName', 180000, '2-2', 1, 1, 52, b'1', 5, 0, 5, 0, 20, 11, 10, 5),
(1048602, 'weaponLaserMedium200RIIDescription', 'weaponLaserMedium200RIIName', 1.85e+006, '2-2', 1, 2, 52, b'1', 5, 0, 5, 0, 20, 11, 10, 5),
(1048603, 'weaponLaserMedium200RIIIDescription', 'weaponLaserMedium200RIIIName', 1.556e+007, '2-2', 1, 3, 52, b'1', 5, 0, 5, 0, 20, 11, 10, 5),
(1048604, 'weaponLaserMedium250RIDescription', 'weaponLaserMedium250RIName', 400000, '2-2', 1, 1, 52, b'1', 5, 0, 5, 0, 20, 11, 10, 5),
(1048605, 'weaponLaserMedium250RIIDescription', 'weaponLaserMedium250RIIName', 2.2e+006, '2-2', 1, 2, 52, b'1', 5, 0, 5, 0, 20, 11, 10, 5),
(1048606, 'weaponLaserMedium250RIIIDescription', 'weaponLaserMedium250RIIIName', 1.45e+008, '2-2', 1, 3, 52, b'1', 5, 0, 5, 0, 20, 11, 10, 5),
(1048607, 'weaponLaserMediumDual150RIDescription', 'weaponLaserMediumDual150RIName', 55000, '2-2', 1, 1, 52, b'1', 5, 0, 5, 0, 20, 11, 10, 5),
(1048608, 'weaponLaserMediumDual150RIIDescription', 'weaponLaserMediumDual150RIIName', 1.18e+006, '2-2', 1, 2, 52, b'1', 5, 0, 5, 0, 20, 11, 10, 5),
(1048609, 'weaponLaserMediumDual150RIIIDescription', 'weaponLaserMediumDual150RIIIName', 4e+007, '2-2', 1, 3, 52, b'1', 5, 0, 5, 0, 20, 11, 10, 5),
(1048610, 'weaponLaserMediumHEBIDescription', 'weaponLaserMediumHEBIName', 140000, '3-2', 1, 1, 52, b'1', 5, 0, 5, 0, 20, 11, 10, 5),
(1048611, 'weaponLaserMediumHEBIIDescription', 'weaponLaserMediumHEBIIName', 1.4e+006, '3-2', 1, 2, 52, b'1', 5, 0, 5, 0, 20, 11, 10, 5),
(1048612, 'weaponLaserMediumHEBIIIDescription', 'weaponLaserMediumHEBIIIName', 4e+007, '3-2', 1, 3, 52, b'1', 5, 0, 5, 0, 20, 11, 10, 5),
(1048613, 'weaponLaserMediumHIBIDescription', 'weaponLaserMediumHIBIName', 200000, '3-2', 1, 1, 52, b'1', 5, 0, 5, 0, 20, 11, 10, 5),
(1048614, 'weaponLaserMediumHIBIIDescription', 'weaponLaserMediumHIBIIName', 1.4e+006, '3-2', 1, 2, 52, b'1', 5, 0, 5, 0, 20, 11, 10, 5),
(1048615, 'weaponLaserMediumHIBIIIDescription', 'weaponLaserMediumHIBIIIName', 3.5e+007, '3-2', 1, 3, 52, b'1', 5, 0, 5, 0, 20, 11, 10, 5),
(1048616, 'weaponLaserMediumHNBIDescription', 'weaponLaserMediumHNBIName', 300000, '3-2', 1, 1, 52, b'1', 5, 0, 5, 0, 20, 11, 10, 5),
(1048617, 'weaponLaserMediumHNBIIDescription', 'weaponLaserMediumHNBIIName', 1.6e+006, '3-2', 1, 2, 52, b'1', 5, 0, 5, 0, 20, 11, 10, 5),
(1048618, 'weaponLaserMediumHNBIIIDescription', 'weaponLaserMediumHNBIIIName', 1.428e+007, '3-2', 1, 3, 52, b'1', 5, 0, 5, 0, 20, 11, 10, 5),
(1081344, 'weaponLaserLarge350RIDescription', 'weaponLaserLarge350RIName', 1.48e+006, '4-2', 1, 1, 53, b'1', 5, 0, 5, 0, 20, 11, 10, 5),
(1081345, 'weaponLaserLarge350RIIDescription', 'weaponLaserLarge350RIIName', 3.3e+006, '4-2', 1, 2, 53, b'1', 5, 0, 5, 0, 20, 11, 10, 5),
(1081346, 'weaponLaserLarge350RIIIDescription', 'weaponLaserLarge350RIIIName', 5.81e+007, '4-2', 1, 3, 53, b'1', 5, 0, 5, 0, 20, 11, 10, 5),
(1081347, 'weaponLaserLarge350RIVDescription', 'weaponLaserLarge350RIVName', 2.94e+008, '4-2', 1, 4, 53, b'1', 5, 0, 5, 0, 20, 11, 10, 5),
(1081348, 'weaponLaserLarge425RIDescription', 'weaponLaserLarge425RIName', 2e+006, '4-2', 1, 1, 53, b'1', 5, 0, 5, 0, 20, 11, 10, 5),
(1081349, 'weaponLaserLarge425RIIDescription', 'weaponLaserLarge425RIIName', 3.9e+006, '4-2', 1, 2, 53, b'1', 5, 0, 5, 0, 20, 11, 10, 5),
(1081350, 'weaponLaserLarge425RIIIDescription', 'weaponLaserLarge425RIIIName', 1.145e+008, '4-2', 1, 3, 53, b'1', 5, 0, 5, 0, 20, 11, 10, 5),
(1081351, 'weaponLaserLarge425RIVDescription', 'weaponLaserLarge425RIVName', 6.25e+008, '4-2', 1, 4, 53, b'1', 5, 0, 5, 0, 20, 11, 10, 5),
(1081352, 'weaponLaserLargeD250RIDescription', 'weaponLaserLargeD250RIName', 350000, '4-2', 1, 1, 53, b'1', 5, 0, 5, 0, 20, 11, 10, 5),
(1081353, 'weaponLaserLargeD250RIIDescription', 'weaponLaserLargeD250RIIName', 2.86e+006, '4-2', 1, 2, 53, b'1', 5, 0, 5, 0, 20, 11, 10, 5),
(1081354, 'weaponLaserLargeD250RIIIDescription', 'weaponLaserLargeD250RIIIName', 3e+007, '4-2', 1, 3, 53, b'1', 5, 0, 5, 0, 20, 11, 10, 5),
(1081355, 'weaponLaserLargeD250RIVDescription', 'weaponLaserLargeD250RIVName', 3.7e+008, '4-2', 1, 4, 53, b'1', 5, 0, 5, 0, 20, 11, 10, 5),
(1081356, 'weaponLaserLargeEBCIDescription', 'weaponLaserLargeEBCIName', 1.12e+006, '5-2', 1, 1, 53, b'1', 5, 0, 5, 0, 20, 11, 10, 5),
(1081357, 'weaponLaserLargeEBCIIDescription', 'weaponLaserLargeEBCIIName', 1.79e+006, '5-2', 1, 2, 53, b'1', 5, 0, 5, 0, 20, 11, 10, 5),
(1081358, 'weaponLaserLargeEBCIIIDescription', 'weaponLaserLargeEBCIIIName', 4.05e+007, '5-2', 1, 3, 53, b'1', 5, 0, 5, 0, 20, 11, 10, 5),
(1081359, 'weaponLaserLargeEBCIVDescription', 'weaponLaserLargeEBCIVName', 2.04e+008, '5-2', 1, 4, 53, b'1', 5, 0, 5, 0, 20, 11, 10, 5),
(1081360, 'weaponLaserLargeIBCIDescription', 'weaponLaserLargeIBCIName', 1.34e+006, '5-2', 1, 1, 53, b'1', 5, 0, 5, 0, 20, 11, 10, 5),
(1081361, 'weaponLaserLargeIBCIIDescription', 'weaponLaserLargeIBCIIName', 3.29e+006, '5-2', 1, 2, 53, b'1', 5, 0, 5, 0, 20, 11, 10, 5),
(1081362, 'weaponLaserLargeIBCIIIDescription', 'weaponLaserLargeIBCIIIName', 3.895e+007, '5-2', 1, 3, 53, b'1', 5, 0, 5, 0, 20, 11, 10, 5),
(1081363, 'weaponLaserLargeIBCIVDescription', 'weaponLaserLargeIBCIVName', 4.74e+008, '5-2', 1, 4, 53, b'1', 5, 0, 5, 0, 20, 11, 10, 5),
(1081364, 'weaponLaserLargeNBCIDescription', 'weaponLaserLargeNBCIName', 2.1e+006, '5-2', 1, 1, 53, b'1', 5, 0, 5, 0, 20, 11, 10, 5),
(1081365, 'weaponLaserLargeNBCIIDescription', 'weaponLaserLargeNBCIIName', 4.12e+006, '5-2', 1, 2, 53, b'1', 5, 0, 5, 0, 20, 11, 10, 5),
(1081366, 'weaponLaserLargeNBCIIIDescription', 'weaponLaserLargeNBCIIIName', 4.575e+007, '5-2', 1, 3, 53, b'1', 5, 0, 5, 0, 20, 11, 10, 5),
(1081367, 'weaponLaserLargeNBCIVDescription', 'weaponLaserLargeNBCIVName', 3.5e+009, '5-2', 1, 4, 53, b'1', 5, 0, 5, 0, 20, 11, 10, 5),
(1114112, 'weaponLaserExtraLargeD1000RIDescription', 'weaponLaserExtraLargeD1000RIName', 7.75e+007, '6-2', 1, 1, 54, b'1', 5, 0, 5, 0, 20, 11, 10, 5),
(1114113, 'weaponLaserExtraLargeD1000RIIDescription', 'weaponLaserExtraLargeD1000RIIName', 1.49e+008, '6-2', 1, 2, 54, b'1', 5, 0, 5, 0, 20, 11, 10, 5),
(1114114, 'weaponLaserExtraLargeISBCIDescription', 'weaponLaserExtraLargeISBCIName', 5.73e+007, '7-2', 1, 1, 54, b'1', 5, 0, 5, 0, 20, 11, 10, 5),
(1114115, 'weaponLaserExtraLargeISBCIIDescription', 'weaponLaserExtraLargeISBCIIName', 2.23e+008, '7-2', 1, 2, 54, b'1', 5, 0, 5, 0, 20, 11, 10, 5),
(1114116, 'weaponMissileSmallLMLIDescription', 'weaponMissileSmallLMLIName', 22900, '0-3', 1, 1, 57, b'1', 10, 0, 10, 0, 40, 22, 20, 10),
(1114117, 'weaponMissileSmallLMLIIDescription', 'weaponMissileSmallLMLIIName', 950000, '0-3', 1, 2, 57, b'1', 10, 0, 10, 0, 40, 22, 20, 10),
(1114118, 'weaponMissileSmallLMLIIIDescription', 'weaponMissileSmallLMLIIIName', 6.9e+007, '0-3', 1, 3, 57, b'1', 10, 0, 10, 0, 40, 22, 20, 10),
(1114119, 'weaponMissileMediumRLMLIDescription', 'weaponMissileMediumRLMLIName', 320000, '1-3', 1, 1, 58, b'1', 5, 0, 5, 0, 20, 11, 10, 5),
(1114120, 'weaponMissileMediumRLMLIIDescription', 'weaponMissileMediumRLMLIIName', 1.68e+006, '1-3', 1, 2, 58, b'1', 5, 0, 5, 0, 20, 11, 10, 5),
(1114121, 'weaponMissileMediumRLMLIIIDescription', 'weaponMissileMediumRLMLIIIName', 4.3e+007, '1-3', 1, 3, 58, b'1', 5, 0, 5, 0, 20, 11, 10, 5),
(1114122, 'weaponMissileLargeHMLIDescription', 'weaponMissileLargeHMLIName', 600000, '2-3', 1, 1, 59, b'1', 5, 0, 5, 0, 20, 11, 10, 5),
(1114123, 'weaponMissileLargeHMLIIDescription', 'weaponMissileLargeHMLIIName', 1.985e+006, '2-3', 1, 2, 59, b'1', 5, 0, 5, 0, 20, 11, 10, 5),
(1114124, 'weaponMissileLargeHMLIIIDescription', 'weaponMissileLargeHMLIIIName', 6.9e+007, '2-3', 1, 3, 59, b'1', 5, 0, 5, 0, 20, 11, 10, 5),
(1114125, 'weaponMissileExtraLargeCCLIDescription', 'weaponMissileExtraLargeCCLIName', 6.45e+007, '3-3', 1, 1, 60, b'1', 5, 0, 5, 0, 20, 11, 10, 5),
(1114126, 'weaponMissileExtraLargeCCLIIDescription', 'weaponMissileExtraLargeCCLIIName', 2.75e+008, '3-3', 1, 2, 60, b'1', 5, 0, 5, 0, 20, 11, 10, 5),
(1146880, 'shipModelFrigate3Description', 'shipModelFrigate3Name', 1e+006, '1-6', 1, 1, 35, b'1', 2.5, 0.5, 2.5, 0.5, 10, 5, 2, 1),
(1146881, 'shipModelFrigate4Description', 'shipModelFrigate4Name', 1e+006, '1-6', 1, 2, 35, b'1', 2.5, 0.5, 2.5, 0.5, 10, 5, 2, 1),
(1146882, 'shipModelFrigate5Description', 'shipModelFrigate5Name', 1e+006, '2-6', 1, 1, 35, b'1', 2.5, 0.5, 2.5, 0.5, 10, 5, 2, 1),
(1146883, 'shipModelFrigate6Description', 'shipModelFrigate6Name', 1e+006, '2-6', 1, 2, 35, b'1', 2.5, 0.5, 2.5, 0.5, 10, 5, 2, 1),
(1179648, 'shipModelFrigate7Description', 'shipModelFrigate7Name', 1e+006, '3-6', 1, 1, 35, b'1', 2.5, 0.5, 2.5, 0.5, 10, 5, 2, 1),
(1179649, 'shipModelFrigate8Description', 'shipModelFrigate8Name', 1e+006, '3-6', 1, 2, 35, b'1', 2.5, 0.5, 2.5, 0.5, 10, 5, 2, 1),
(1212416, 'shipModelFrigate9Description', 'shipModelFrigate9Name', 1e+006, '4-6', 1, 1, 35, b'1', 2.5, 0.5, 2.5, 0.5, 10, 5, 2, 1),
(1212417, 'shipModelFrigate10Description', 'shipModelFrigate10Name', 1e+006, '4-6', 1, 2, 35, b'1', 2.5, 0.5, 2.5, 0.5, 10, 5, 2, 1),
(1212418, 'shipModelFrigate11Description', 'shipModelFrigate11Name', 1e+006, '5-6', 1, 1, 35, b'1', 2.5, 0.5, 2.5, 0.5, 10, 5, 2, 1),
(1212419, 'shipModelFrigate12Description', 'shipModelFrigate12Name', 1e+006, '5-6', 1, 2, 35, b'1', 2.5, 0.5, 2.5, 0.5, 10, 5, 2, 1),
(1212420, 'shipModelDestroyer1Description', 'shipModelDestroyer1Name', 1e+006, '6-6', 1, 1, 41, b'1', 2.5, 0.5, 2.5, 0.5, 10, 5, 2, 1),
(1212421, 'shipModelDestroyer2Description', 'shipModelDestroyer2Name', 1e+006, '6-6', 1, 2, 41, b'1', 2.5, 0.5, 2.5, 0.5, 10, 5, 2, 1),
(1212422, 'shipModelDestroyer3Description', 'shipModelDestroyer3Name', 1e+006, '7-6', 1, 1, 41, b'1', 2.5, 0.5, 2.5, 0.5, 10, 5, 2, 1),
(1212423, 'shipModelDestroyer4Description', 'shipModelDestroyer4Name', 1e+006, '7-6', 1, 2, 41, b'1', 2.5, 0.5, 2.5, 0.5, 10, 5, 2, 1),
(1212424, 'shipModelDestroyer5Description', 'shipModelDestroyer5Name', 1e+006, '8-6', 1, 1, 41, b'1', 2.5, 0.5, 2.5, 0.5, 10, 5, 2, 1),
(1212425, 'shipModelDestroyer6Description', 'shipModelDestroyer6Name', 1e+006, '8-6', 1, 2, 41, b'1', 2.5, 0.5, 2.5, 0.5, 10, 5, 2, 1),
(1212426, 'shipModelDestroyer7Description', 'shipModelDestroyer7Name', 1e+006, '9-6', 1, 1, 41, b'1', 2.5, 0.5, 2.5, 0.5, 10, 5, 2, 1),
(1212427, 'shipModelDestroyer8Description', 'shipModelDestroyer8Name', 1e+006, '9-6', 1, 2, 41, b'1', 2.5, 0.5, 2.5, 0.5, 10, 5, 2, 1),
(1212428, 'shipModelDestroyer9Description', 'shipModelDestroyer9Name', 1e+006, '10-6', 1, 1, 41, b'1', 2.5, 0.5, 2.5, 0.5, 10, 5, 2, 1),
(1212429, 'shipModelDestroyer10Description', 'shipModelDestroyer10Name', 1e+006, '10-6', 1, 2, 41, b'1', 2.5, 0.5, 2.5, 0.5, 10, 5, 2, 1),
(1212430, 'shipModelDestroyer11Description', 'shipModelDestroyer11Name', 1e+006, '11-6', 1, 1, 41, b'1', 2.5, 0.5, 2.5, 0.5, 10, 5, 2, 1),
(1212431, 'shipModelDestroyer12Description', 'shipModelDestroyer12Name', 1e+006, '11-6', 1, 2, 41, b'1', 2.5, 0.5, 2.5, 0.5, 10, 5, 2, 1),
(1212432, 'shipModelDestroyer13Description', 'shipModelDestroyer13Name', 1e+006, '12-6', 1, 1, 41, b'1', 2.5, 0.5, 2.5, 0.5, 10, 5, 2, 1),
(1212433, 'shipModelDestroyer14Description', 'shipModelDestroyer14Name', 1e+006, '12-6', 1, 2, 41, b'1', 2.5, 0.5, 2.5, 0.5, 10, 5, 2, 1);

-- --------------------------------------------------------

--
-- Structure de la table `spaceumad_itemstack`
--

CREATE TABLE IF NOT EXISTS `spaceumad_itemstack` (
  `mIdItemStack` int(11) NOT NULL AUTO_INCREMENT,
  `mStackSize` int(11) NOT NULL,
  `mIdItem` int(11) DEFAULT NULL,
  PRIMARY KEY (`mIdItemStack`),
  KEY `FKA73B4B576000BFBD` (`mIdItem`)
) ENGINE=MyISAM  DEFAULT CHARSET=latin1 AUTO_INCREMENT=1425 ;

--
-- Contenu de la table `spaceumad_itemstack`
--

INSERT INTO `spaceumad_itemstack` (`mIdItemStack`, `mStackSize`, `mIdItem`) VALUES
(1, 10, 4),
(2, 1, 16),
(3, 32, 4),
(4, 32, 4),
(5, 16, 4),
(6, 96, 4),
(7, 16, 4),
(8, 48, 4),
(9, 24, 4),
(10, 24, 4),
(11, 48, 4),
(12, 64, 4),
(13, 16, 4),
(14, 8, 4),
(15, 8, 4),
(16, 4, 4),
(17, 4, 4),
(18, 2, 4),
(19, 2, 4),
(20, 1, 4),
(21, 2, 4),
(22, 20, 1),
(23, 1, 14),
(24, 1, 16),
(25, 1, 16),
(26, 1, 14),
(27, 1, 14),
(28, 256, 1),
(29, 1, 16),
(30, 1, 14),
(31, 1, 16),
(32, 41, 2),
(33, 89, 2),
(34, 106, 2),
(35, 126, 2),
(36, 128, 2),
(37, 47, 2),
(38, 47, 2),
(39, 128, 2),
(40, 47, 2),
(41, 768, 2),
(42, 73, 2),
(43, 40, 1),
(44, 32, 2),
(45, 10, 1),
(46, 47, 2),
(47, 15, 2),
(48, 23, 1),
(49, 58, 2),
(50, 34, 2),
(51, 13, 1),
(52, 1, 16),
(53, 512, 1),
(54, 128, 1),
(55, 49, 1),
(56, 128, 1),
(57, 15, 4),
(58, 41, 1),
(59, 21, 1),
(60, 64, 2),
(61, 32, 2),
(62, 1024, 2),
(63, 41, 1),
(64, 41, 1),
(65, 15, 4),
(66, 7, 4),
(67, 7, 4),
(68, 15, 4),
(69, 15, 4),
(70, 73, 1),
(71, 37, 1),
(72, 36, 1),
(73, 73, 1),
(74, 640, 1),
(75, 86, 4),
(76, 48, 2),
(77, 48, 2),
(78, 48, 2),
(79, 48, 2),
(80, 48, 2),
(81, 48, 2),
(82, 48, 2),
(83, 48, 2),
(84, 48, 2),
(85, 48, 2),
(86, 48, 2),
(87, 48, 2),
(88, 48, 2),
(89, 48, 2),
(90, 128, 2),
(91, 44, 2),
(92, 1, 16),
(93, 1, 16),
(94, 128, 2),
(95, 384, 1),
(96, 1, 16),
(97, 41, 2),
(98, 45, 2),
(99, 23, 2),
(100, 28, 1),
(101, 50, 1),
(102, 25, 2),
(103, 1, 16),
(104, 14, 2),
(105, 34, 2),
(106, 72, 1),
(107, 45, 2),
(108, 34, 1),
(109, 28, 1),
(110, 46, 2),
(111, 86, 4),
(112, 128, 1),
(113, 128, 2),
(114, 896, 2),
(115, 1, 16),
(116, 17, 2),
(117, 15, 4),
(118, 7, 4),
(119, 30, 1),
(120, 12, 2),
(121, 67, 1),
(122, 62, 2),
(123, 77, 1),
(124, 64, 1),
(125, 32, 2),
(126, 25, 2),
(127, 31, 2),
(128, 56, 2),
(129, 13, 1),
(130, 57, 1),
(131, 96, 2),
(132, 40, 1),
(133, 48, 2),
(134, 20, 1),
(136, 64, 1),
(137, 64, 2),
(138, 48, 2),
(139, 20, 1),
(140, 32, 1),
(141, 32, 1),
(142, 32, 2),
(143, 640, 2),
(144, 128, 1),
(145, 128, 2),
(146, 33, 2),
(147, 1, 16),
(148, 15, 1),
(149, 1, 14),
(150, 22, 2),
(151, 5, 1),
(152, 1, 7),
(153, 1, 7),
(154, 128, 1),
(155, 77, 1),
(156, 128, 1),
(157, 77, 1),
(158, 77, 1),
(159, 128, 1),
(160, 80, 1),
(161, 128, 1),
(162, 128, 1),
(163, 128, 1),
(164, 128, 1),
(165, 128, 1),
(166, 128, 1),
(167, 128, 1),
(168, 128, 1),
(169, 128, 1),
(170, 128, 1),
(171, 128, 1),
(172, 128, 1),
(173, 128, 1),
(174, 32, 1),
(175, 128, 1),
(176, 128, 1),
(177, 128, 1),
(178, 128, 1),
(179, 128, 1),
(180, 128, 1),
(181, 128, 1),
(182, 128, 1),
(183, 128, 1),
(184, 128, 1),
(185, 128, 1),
(186, 128, 1),
(187, 128, 1),
(188, 128, 1),
(189, 128, 1),
(190, 128, 1),
(191, 128, 1),
(192, 128, 1),
(193, 128, 1),
(194, 128, 1),
(195, 128, 1),
(196, 128, 1),
(197, 128, 1),
(198, 128, 1),
(199, 128, 1),
(200, 128, 1),
(201, 128, 1),
(202, 128, 1),
(203, 128, 1),
(204, 128, 1),
(205, 128, 1),
(206, 128, 1),
(207, 128, 1),
(208, 128, 1),
(209, 128, 1),
(210, 128, 1),
(211, 128, 1),
(212, 128, 1),
(213, 128, 1),
(214, 128, 1),
(215, 128, 1),
(216, 128, 1),
(217, 128, 1),
(218, 128, 1),
(219, 128, 1),
(220, 128, 1),
(221, 128, 1),
(222, 128, 1),
(223, 128, 1),
(224, 128, 1),
(225, 128, 1),
(226, 128, 1),
(227, 128, 1),
(228, 128, 1),
(229, 128, 1),
(230, 128, 1),
(231, 128, 1),
(232, 128, 1),
(233, 128, 1),
(234, 128, 1),
(235, 128, 1),
(236, 128, 1),
(237, 128, 1),
(238, 128, 1),
(239, 128, 1),
(240, 128, 1),
(241, 128, 1),
(242, 128, 1),
(243, 128, 1),
(244, 128, 1),
(245, 128, 1),
(246, 128, 1),
(247, 128, 1),
(248, 128, 1),
(249, 128, 1),
(250, 128, 1),
(251, 128, 1),
(252, 128, 1),
(253, 128, 1),
(254, 128, 1),
(255, 128, 1),
(256, 128, 1),
(257, 128, 1),
(258, 128, 1),
(259, 128, 1),
(260, 128, 1),
(261, 128, 1),
(262, 128, 1),
(263, 128, 1),
(264, 128, 1),
(265, 128, 1),
(266, 128, 1),
(267, 128, 1),
(268, 128, 1),
(269, 128, 1),
(270, 128, 1),
(271, 128, 1),
(272, 128, 1),
(273, 128, 1),
(274, 128, 1),
(275, 128, 1),
(276, 128, 1),
(277, 128, 1),
(278, 128, 1),
(279, 128, 1),
(280, 128, 1),
(281, 128, 1),
(282, 128, 1),
(283, 128, 1),
(284, 128, 1),
(285, 128, 1),
(286, 128, 1),
(287, 128, 1),
(288, 128, 1),
(289, 128, 1),
(290, 128, 1),
(291, 128, 1),
(292, 128, 1),
(293, 128, 1),
(294, 128, 1),
(295, 128, 1),
(296, 128, 1),
(297, 128, 1),
(298, 128, 1),
(299, 128, 1),
(300, 128, 1),
(301, 128, 1),
(302, 128, 1),
(303, 128, 1),
(304, 128, 1),
(305, 128, 1),
(306, 128, 1),
(307, 128, 1),
(308, 128, 1),
(309, 128, 1),
(310, 128, 1),
(311, 128, 1),
(312, 128, 1),
(313, 128, 1),
(314, 128, 1),
(315, 128, 1),
(316, 128, 1),
(317, 128, 1),
(318, 128, 1),
(319, 128, 1),
(320, 128, 1),
(321, 128, 1),
(322, 128, 1),
(323, 128, 1),
(324, 128, 1),
(325, 128, 1),
(326, 128, 1),
(327, 128, 1),
(328, 128, 1),
(329, 128, 1),
(330, 128, 1),
(331, 384, 1),
(332, 128, 1),
(333, 1026, 1),
(334, 64, 1),
(335, 1154, 1),
(336, 1282, 1),
(337, 1410, 1),
(338, 1538, 1),
(339, 898, 1),
(340, 640, 1),
(341, 128, 1),
(342, 1794, 1),
(343, 256, 1),
(344, 128, 1),
(345, 1666, 1),
(346, 128, 1),
(347, 1922, 1),
(348, 128, 2),
(349, 128, 2),
(350, 128, 2),
(351, 128, 2),
(352, 128, 2),
(353, 128, 2),
(354, 128, 2),
(355, 128, 2),
(356, 128, 2),
(357, 128, 2),
(358, 128, 2),
(359, 512, 2),
(360, 128, 2),
(361, 256, 2),
(362, 128, 5),
(363, 128, 5),
(364, 128, 5),
(365, 128, 5),
(366, 128, 5),
(367, 92, 5),
(368, 128, 5),
(369, 128, 5),
(370, 128, 5),
(371, 128, 5),
(372, 128, 5),
(373, 128, 5),
(374, 128, 5),
(375, 128, 5),
(376, 128, 5),
(377, 128, 5),
(378, 128, 5),
(379, 128, 5),
(380, 128, 5),
(381, 256, 5),
(382, 28, 5),
(383, 128, 2),
(384, 0, 2),
(385, 98, 2),
(386, 128, 3),
(387, 128, 3),
(388, 128, 3),
(389, 128, 3),
(390, 128, 3),
(391, 128, 3),
(392, 128, 3),
(393, 128, 3),
(394, 128, 3),
(395, 128, 3),
(396, 128, 3),
(397, 128, 3),
(398, 128, 3),
(399, 128, 3),
(400, 128, 3),
(401, 128, 3),
(402, 128, 3),
(403, 128, 3),
(404, 128, 3),
(405, 128, 3),
(406, 128, 3),
(407, 128, 3),
(408, 128, 3),
(409, 128, 3),
(410, 128, 3),
(411, 128, 3),
(412, 128, 3),
(413, 128, 3),
(414, 128, 3),
(415, 128, 3),
(416, 128, 3),
(417, 128, 3),
(418, 128, 3),
(419, 128, 3),
(420, 128, 3),
(421, 128, 3),
(422, 128, 3),
(423, 128, 3),
(424, 128, 3),
(425, 128, 3),
(426, 128, 3),
(427, 128, 3),
(428, 128, 3),
(429, 128, 3),
(430, 128, 3),
(431, 128, 3),
(432, 128, 3),
(433, 128, 3),
(434, 128, 3),
(435, 128, 3),
(436, 128, 3),
(437, 128, 3),
(438, 128, 3),
(439, 128, 3),
(440, 128, 3),
(441, 128, 3),
(442, 128, 3),
(443, 128, 3),
(444, 128, 3),
(445, 128, 3),
(446, 128, 3),
(447, 128, 3),
(448, 128, 3),
(449, 128, 3),
(450, 128, 3),
(451, 128, 3),
(452, 128, 3),
(453, 128, 3),
(454, 128, 3),
(455, 128, 3),
(456, 128, 3),
(457, 128, 3),
(458, 128, 3),
(459, 128, 3),
(460, 128, 3),
(461, 128, 3),
(462, 128, 3),
(463, 128, 3),
(464, 128, 3),
(465, 128, 3),
(466, 128, 3),
(467, 128, 3),
(468, 128, 3),
(469, 128, 3),
(470, 128, 3),
(471, 128, 3),
(472, 128, 3),
(473, 128, 3),
(474, 128, 3),
(475, 128, 3),
(476, 128, 3),
(477, 128, 3),
(478, 128, 3),
(479, 128, 3),
(480, 128, 3),
(481, 128, 3),
(482, 128, 3),
(483, 128, 3),
(484, 128, 3),
(485, 128, 3),
(486, 128, 3),
(487, 128, 3),
(488, 128, 3),
(489, 128, 3),
(490, 128, 3),
(491, 128, 3),
(492, 256, 3),
(493, 768, 3),
(494, 640, 3),
(495, 384, 3),
(496, 512, 3),
(497, 640, 3),
(498, 128, 3),
(499, 128, 3),
(500, 128, 3),
(501, 128, 3),
(502, 512, 3),
(503, 1118, 3),
(504, 128, 3),
(505, 256, 3),
(506, 128, 3),
(507, 128, 3),
(508, 128, 3),
(509, 128, 3),
(510, 64, 3),
(511, 49, 3),
(512, 128, 1),
(513, 128, 1),
(514, 128, 1),
(515, 128, 1),
(516, 128, 1),
(517, 128, 1),
(518, 128, 1),
(519, 128, 1),
(520, 128, 1),
(521, 128, 1),
(522, 128, 1),
(523, 128, 1),
(524, 128, 1),
(525, 128, 1),
(526, 128, 1),
(527, 229, 1),
(528, 357, 1),
(529, 485, 1),
(530, 0, 1),
(531, 128, 1),
(532, 512, 1),
(533, 128, 2),
(534, 128, 2),
(535, 128, 2),
(536, 128, 2),
(537, 128, 2),
(538, 128, 2),
(539, 128, 2),
(540, 128, 2),
(541, 128, 2),
(542, 128, 2),
(543, 128, 2),
(544, 128, 2),
(545, 128, 2),
(546, 128, 2),
(547, 128, 2),
(548, 128, 2),
(549, 128, 2),
(550, 128, 2),
(551, 128, 2),
(552, 128, 2),
(553, 128, 2),
(554, 128, 2),
(555, 128, 2),
(556, 128, 2),
(557, 128, 2),
(558, 128, 2),
(559, 128, 2),
(560, 128, 2),
(561, 128, 2),
(562, 128, 2),
(563, 128, 2),
(564, 128, 2),
(565, 128, 2),
(566, 128, 2),
(567, 128, 2),
(568, 128, 2),
(569, 128, 2),
(570, 128, 2),
(571, 128, 2),
(572, 128, 2),
(573, 128, 2),
(574, 128, 2),
(575, 128, 2),
(576, 128, 2),
(577, 128, 2),
(578, 128, 2),
(579, 128, 2),
(580, 128, 2),
(581, 128, 2),
(582, 128, 2),
(583, 128, 2),
(584, 128, 2),
(585, 128, 2),
(586, 128, 2),
(587, 128, 2),
(588, 128, 2),
(589, 128, 2),
(590, 128, 2),
(591, 128, 2),
(592, 128, 2),
(593, 128, 2),
(594, 128, 2),
(595, 128, 2),
(596, 128, 2),
(597, 128, 2),
(598, 128, 2),
(599, 128, 2),
(600, 128, 2),
(601, 128, 2),
(602, 128, 2),
(603, 128, 2),
(604, 128, 2),
(605, 128, 2),
(606, 128, 2),
(607, 128, 2),
(608, 128, 2),
(609, 128, 2),
(610, 128, 2),
(611, 128, 2),
(612, 128, 2),
(613, 128, 2),
(614, 128, 2),
(615, 128, 2),
(616, 128, 2),
(617, 128, 2),
(618, 128, 2),
(619, 128, 2),
(620, 128, 2),
(621, 128, 2),
(622, 128, 2),
(623, 128, 2),
(624, 128, 2),
(625, 128, 2),
(626, 128, 2),
(627, 128, 2),
(628, 128, 2),
(629, 128, 2),
(630, 128, 2),
(631, 128, 2),
(632, 128, 2),
(633, 128, 2),
(634, 128, 2),
(635, 128, 2),
(636, 128, 2),
(637, 128, 2),
(638, 128, 2),
(639, 128, 2),
(640, 1408, 2),
(641, 128, 2),
(642, 896, 2),
(643, 640, 2),
(644, 256, 2),
(645, 128, 2),
(646, 128, 2),
(647, 768, 2),
(648, 128, 2),
(649, 256, 2),
(650, 384, 2),
(651, 512, 2),
(652, 1, 2),
(653, 2, 2),
(654, 102, 2),
(655, 128, 2),
(656, 128, 2),
(657, 128, 2),
(658, 128, 2),
(659, 128, 2),
(660, 128, 2),
(661, 128, 2),
(662, 128, 2),
(663, 128, 2),
(664, 128, 2),
(665, 128, 2),
(666, 128, 2),
(667, 128, 2),
(668, 128, 2),
(669, 128, 2),
(670, 128, 2),
(671, 128, 2),
(672, 128, 2),
(673, 128, 2),
(674, 128, 2),
(675, 128, 2),
(676, 128, 2),
(677, 128, 2),
(678, 128, 2),
(679, 128, 2),
(680, 128, 2),
(681, 128, 2),
(682, 128, 2),
(683, 128, 2),
(684, 128, 2),
(685, 128, 2),
(686, 128, 2),
(687, 128, 2),
(688, 128, 2),
(689, 128, 2),
(690, 128, 2),
(691, 128, 2),
(692, 128, 2),
(693, 128, 2),
(694, 128, 2),
(695, 128, 2),
(696, 128, 2),
(697, 128, 2),
(698, 78, 2),
(699, 128, 1),
(700, 128, 1),
(701, 128, 1),
(702, 128, 1),
(703, 128, 1),
(704, 128, 1),
(705, 128, 1),
(706, 256, 1),
(707, 128, 1),
(708, 128, 1),
(709, 128, 1),
(710, 128, 1),
(711, 128, 1),
(712, 128, 1),
(713, 128, 1),
(714, 28, 1),
(715, 128, 2),
(716, 128, 2),
(717, 128, 2),
(718, 128, 2),
(719, 256, 2),
(720, 128, 2),
(721, 128, 2),
(722, 128, 2),
(723, 128, 2),
(724, 128, 2),
(725, 128, 2),
(726, 128, 2),
(727, 128, 2),
(728, 128, 2),
(729, 128, 2),
(730, 128, 2),
(731, 128, 2),
(732, 128, 2),
(733, 128, 2),
(734, 128, 2),
(735, 128, 2),
(736, 128, 2),
(737, 128, 2),
(738, 128, 2),
(739, 128, 2),
(740, 128, 2),
(741, 128, 2),
(742, 128, 2),
(743, 128, 2),
(744, 128, 2),
(745, 128, 2),
(746, 128, 2),
(747, 128, 2),
(748, 128, 2),
(749, 128, 2),
(750, 128, 2),
(751, 128, 2),
(752, 128, 2),
(753, 44, 2),
(754, 1, 16),
(755, 1, 16),
(756, 1, 16),
(757, 1, 16),
(758, 1, 12),
(759, 1, 12),
(760, 1, 10),
(761, 1, 10),
(762, 1, 11),
(763, 1, 11),
(764, 1, 11),
(765, 1, 11),
(766, 1, 11),
(767, 1, 11),
(768, 1, 11),
(769, 1, 11),
(770, 1, 11),
(771, 1, 11),
(772, 1, 12),
(773, 1, 12),
(774, 1, 10),
(775, 1, 13),
(776, 1, 13),
(777, 1, 13),
(778, 1, 13),
(779, 1, 9),
(780, 1, 9),
(781, 1, 9),
(782, 1, 9),
(783, 1, 9),
(784, 1, 8),
(785, 1, 8),
(786, 1, 9),
(787, 1, 8),
(788, 1, 8),
(789, 1, 7),
(790, 1, 7),
(791, 1, 7),
(792, 1, 9),
(793, 1, 9),
(794, 1, 7),
(795, 1, 7),
(796, 1, 7),
(797, 1, 7),
(798, 1, 7),
(799, 1, 7),
(800, 1, 7),
(801, 1, 7),
(802, 1, 7),
(803, 1, 7),
(804, 1, 7),
(805, 1, 7),
(806, 1, 7),
(807, 1, 7),
(808, 32, 1),
(809, 64, 1),
(810, 128, 1),
(811, 128, 1),
(812, 512, 1),
(813, 1, 9),
(814, 1, 9),
(815, 1, 9),
(816, 1, 9),
(817, 1, 9),
(818, 1, 9),
(819, 1, 9),
(820, 50, 2),
(821, 115, 2),
(822, 130, 1),
(823, 128, 1),
(824, 128, 1),
(825, 128, 1),
(826, 128, 1),
(827, 128, 1),
(828, 128, 1),
(829, 128, 1),
(830, 74, 1),
(831, 1, 7),
(832, 1, 7),
(833, 1, 10),
(834, 1, 10),
(835, 1, 13),
(836, 1, 13),
(837, 1, 15),
(838, 1, 10),
(839, 1, 15),
(840, 1, 15),
(841, 1, 10),
(842, 1, 15),
(843, 1, 13),
(844, 1, 11),
(845, 1, 11),
(846, 1, 12),
(847, 1, 13),
(848, 1, 16),
(849, 1, 16),
(850, 1, 12),
(851, 1, 12),
(852, 1, 13),
(853, 1, 11),
(854, 1, 11),
(855, 1, 16),
(856, 1, 12),
(857, 1, 11),
(858, 1, 13),
(859, 1, 14),
(860, 1, 12),
(861, 1, 11),
(862, 1, 16),
(863, 1, 13),
(864, 1, 16),
(865, 1, 14),
(866, 1, 12),
(867, 1, 11),
(868, 1, 11),
(869, 1, 16),
(870, 1, 11),
(871, 1, 12),
(872, 1, 11),
(873, 1, 16),
(874, 1, 11),
(875, 1, 16),
(876, 1, 14),
(877, 1, 16),
(878, 1, 11),
(879, 1, 11),
(880, 1, 16),
(881, 1, 16),
(882, 1, 11),
(883, 1, 13),
(884, 1, 14),
(885, 1, 11),
(886, 1, 10),
(887, 1, 10),
(888, 1, 13),
(889, 1, 13),
(890, 1, 15),
(891, 1, 15),
(892, 1, 15),
(893, 1, 15),
(894, 1, 13),
(895, 1, 13),
(896, 1, 7),
(897, 1, 7),
(898, 101, 1),
(899, 1, 13),
(900, 1, 10),
(901, 1, 15),
(902, 1, 13),
(903, 1, 15),
(904, 1, 10),
(905, 1, 13),
(906, 0, 1),
(907, 11, 2),
(908, 19, 1),
(909, 1, 16),
(910, 1, 10),
(911, 1, 10),
(912, 1, 10),
(913, 1, 10),
(914, 1, 10),
(915, 1, 10),
(916, 1, 10),
(917, 1, 10),
(918, 1, 10),
(919, 1, 10),
(920, 1, 10),
(921, 1, 15),
(922, 1, 15),
(923, 64, 1),
(924, 32, 1),
(925, 96, 1),
(926, 128, 1),
(927, 64, 1),
(928, 64, 1),
(929, 32, 1),
(930, 32, 1),
(931, 96, 1),
(932, 128, 1),
(933, 1, 10),
(934, 1, 10),
(935, 1, 13),
(936, 1, 10),
(937, 1, 15),
(938, 1, 10),
(939, 1, 10),
(940, 1, 13),
(941, 1, 10),
(942, 1, 15),
(943, 1, 15),
(944, 1, 15),
(945, 1, 15),
(946, 1, 13),
(947, 1, 13),
(948, 1, 10),
(949, 1, 10),
(950, 1, 10),
(951, 1, 10),
(952, 1, 10),
(953, 1, 10),
(954, 1, 10),
(955, 1, 15),
(956, 1, 15),
(957, 1, 32783),
(958, 1, 32783),
(959, 80, 32783),
(960, 21, 32783),
(961, 21, 32783),
(962, 15, 32783),
(963, 100, 32851),
(964, 200, 32851),
(965, 200, 32851),
(966, 200, 32851),
(967, 200, 32851),
(968, 200, 32851),
(969, 200, 32851),
(970, 200, 32851),
(971, 200, 32851),
(972, 163, 32851),
(973, 100, 32851),
(974, 200, 32851),
(975, 200, 32851),
(976, 200, 32851),
(977, 200, 32851),
(978, 1, 10),
(979, 1, 10),
(980, 1, 15),
(981, 1, 15),
(982, 1, 15),
(983, 1, 13),
(984, 1, 13),
(985, 1, 13),
(986, 1, 10),
(987, 1, 10),
(988, 1, 10),
(989, 1, 10),
(990, 1, 15),
(991, 1, 15),
(992, 1, 13),
(993, 1, 13),
(994, 1, 13),
(995, 1, 13),
(996, 1, 10),
(997, 1, 15),
(998, 1, 13),
(999, 1, 13),
(1000, 1, 10),
(1001, 1, 10),
(1002, 111, 19),
(1003, 1, 14),
(1004, 834, 2),
(1005, 834, 2),
(1006, 417, 2),
(1007, 417, 2),
(1008, 818, 2),
(1009, 409, 2),
(1010, 409, 2),
(1011, 0, 2),
(1012, 204, 2),
(1013, 0, 2),
(1014, 102, 2),
(1015, 0, 2),
(1016, 51, 2),
(1017, 26, 2),
(1018, 25, 2),
(1019, 13, 2),
(1020, 12, 2),
(1021, 409, 2),
(1022, 12, 2),
(1023, 0, 2),
(1024, 0, 2),
(1025, 392, 2),
(1026, 392, 2),
(1027, 392, 2),
(1028, 376, 2),
(1029, 376, 2),
(1030, 376, 2),
(1031, 376, 2),
(1032, 376, 2),
(1033, 13, 2),
(1034, 2, 2),
(1035, 2, 2),
(1036, 0, 2),
(1037, 13, 2),
(1038, 15, 2),
(1039, 10, 2),
(1040, 0, 2),
(1041, 374, 2),
(1042, 289, 2),
(1043, 289, 2),
(1044, 289, 2),
(1045, 289, 2),
(1046, 289, 2),
(1047, 267, 2),
(1048, 267, 2),
(1049, 267, 2),
(1050, 267, 2),
(1051, 0, 2),
(1052, 1000, 5),
(1053, 1000, 18),
(1054, 960, 5),
(1055, 1000, 5),
(1056, 960, 5),
(1057, 996, 5),
(1058, 960, 18),
(1059, 0, 18),
(1060, 956, 5),
(1061, 1095, 5),
(1062, 1, 16),
(1063, 0, 2),
(1064, 200, 1),
(1065, 200, 1),
(1066, 200, 1),
(1067, 120, 1),
(1068, 120, 1),
(1069, 4000, 1),
(1070, 1, 10),
(1071, 1, 15),
(1072, 1, 10),
(1073, 1, 10),
(1074, 1, 15),
(1075, 1, 15),
(1076, 1, 13),
(1077, 1, 10),
(1078, 1, 10),
(1079, 1, 15),
(1080, 1, 10),
(1081, 1, 10),
(1082, 1, 10),
(1083, 1, 15),
(1084, 1, 10),
(1085, 1, 983041),
(1086, 1, 10),
(1087, 1, 983066),
(1088, 1, 983066),
(1089, 1, 1048583),
(1090, 1, 1048591),
(1091, 1, 1048599),
(1092, 1200, 32784),
(1093, 1, 16),
(1094, 1, 10),
(1095, 1, 1048583),
(1096, 1, 1048591),
(1097, 1, 1048591),
(1098, 1, 1048583),
(1099, 1, 16),
(1100, 1, 10),
(1101, 1, 10),
(1102, 1, 1048599),
(1103, 1120, 32784),
(1104, 0, 32784),
(1105, 1, 1048583),
(1106, 1, 16),
(1107, 1, 1048583),
(1108, 1, 1048599),
(1109, 1, 13),
(1110, 1, 1048583),
(1111, 1, 1048583),
(1112, 1, 10),
(1113, 1, 13),
(1114, 1, 13),
(1115, 1, 13),
(1116, 1, 10),
(1117, 214, 32784),
(1118, 214, 32784),
(1119, 214, 32784),
(1120, 1, 1048583),
(1121, 1, 1048591),
(1122, 1, 1048599),
(1123, 1, 15),
(1124, 1, 15),
(1125, 174, 32784),
(1126, 94, 32784),
(1127, 0, 32784),
(1128, 1, 7),
(1129, 1, 8),
(1130, 214, 32784),
(1131, 214, 32784),
(1132, 214, 32784),
(1133, 0, 32784),
(1134, 0, 32784),
(1135, 0, 32784),
(1136, 214, 32784),
(1137, 214, 32784),
(1138, 214, 32784),
(1139, 0, 32784),
(1140, 0, 32784),
(1141, 0, 32784),
(1142, 214, 32784),
(1143, 214, 32784),
(1144, 214, 32784),
(1145, 0, 32784),
(1146, 0, 32784),
(1147, 214, 32784),
(1148, 214, 32784),
(1149, 0, 32784),
(1150, 0, 32784),
(1151, 4000, 32784),
(1152, 4000, 32784),
(1153, 2000, 32784),
(1154, 3920, 32784),
(1155, 160, 32784),
(1156, 18, 1),
(1157, 0, 2),
(1158, 1, 1114116),
(1159, 1, 1114116),
(1160, 1, 1114116),
(1161, 1, 1048599),
(1162, 1, 1114116),
(1163, 1, 1048599),
(1164, 1, 1114116),
(1165, 1, 1048599),
(1166, 500, 32826),
(1167, 380, 32826),
(1168, 1, 1114116),
(1169, 1, 1114116),
(1170, 214, 32826),
(1171, 1, 1114116),
(1172, 1, 1048599),
(1173, 1, 1048591),
(1174, 1, 15),
(1175, 1, 1048583),
(1176, 1, 10),
(1177, 1, 15),
(1178, 1, 15),
(1179, 1, 10),
(1180, 1, 1048591),
(1181, 1, 1048583),
(1182, 1, 1114116),
(1183, 216, 1),
(1184, 1, 10),
(1185, 1, 10),
(1186, 1, 10),
(1187, 1, 10),
(1188, 1, 10),
(1189, 1, 10),
(1190, 1, 10),
(1191, 1, 10),
(1192, 1, 10),
(1193, 1, 10),
(1194, 100, 6),
(1195, 100, 18),
(1196, 100, 19),
(1197, 100, 2),
(1198, 60, 6),
(1199, 71, 6),
(1200, 60, 18),
(1201, 66, 18),
(1202, 60, 19),
(1203, 73, 19),
(1204, 33, 19),
(1205, 45, 19),
(1206, 31, 6),
(1207, 38, 6),
(1208, 1, 983040),
(1209, 1, 983040),
(1210, 1, 983040),
(1211, 1, 983040),
(1212, 1, 983040),
(1213, 800, 20),
(1214, 200, 20),
(1215, 1, 10),
(1216, 349, 20),
(1217, 100, 24),
(1218, 100, 22),
(1219, 100, 26),
(1220, 60, 24),
(1221, 62, 24),
(1222, 60, 22),
(1223, 77, 22),
(1224, 60, 26),
(1225, 20, 26),
(1226, 0, 26),
(1227, 5, 26),
(1228, 22, 24),
(1229, 0, 24),
(1230, 1, 983055),
(1231, 1, 983055),
(1232, 1, 983055),
(1233, 1, 983055),
(1234, 1, 983055),
(1235, 400, 32768),
(1236, 364, 32768),
(1237, 200, 32768),
(1238, 1, 10),
(1239, 1, 983040),
(1240, 0, 32768),
(1241, 1, 16),
(1242, 1, 983046),
(1243, 500, 20),
(1244, 340, 20),
(1245, 267, 20),
(1246, 1, 1015811),
(1247, 80, 32776),
(1248, 62, 32776),
(1249, 0, 32776),
(1250, 1, 983055),
(1251, 1, 983046),
(1252, 1, 16),
(1253, 1, 1015811),
(1254, 1, 983055),
(1255, 1, 1048583),
(1256, 1, 1048583),
(1257, 1, 1048583),
(1258, 1, 1048583),
(1259, 1, 1048583),
(1260, 100, 32790),
(1261, 100, 32786),
(1262, 100, 32788),
(1263, 20, 32790),
(1264, 84, 32790),
(1265, 20, 32786),
(1266, 78, 32786),
(1267, 20, 32788),
(1268, 0, 32788),
(1269, 0, 32786),
(1270, 4, 32790),
(1271, 104, 32790),
(1272, 100, 32786),
(1273, 100, 32788),
(1274, 20, 32786),
(1275, 20, 32788),
(1276, 24, 32790),
(1277, 0, 32786),
(1278, 0, 32788),
(1279, 0, 32790),
(1280, 1, 1048584),
(1281, 1, 1048583),
(1282, 1100, 32788),
(1283, 1020, 32788),
(1284, 940, 32788),
(1285, 901, 32788),
(1286, 1, 1048583),
(1287, 1, 1048583),
(1288, 1, 1048583),
(1289, 1, 1048583),
(1290, 1, 1048584),
(1291, 1, 1048583),
(1292, 1, 1048601),
(1293, 1, 1081344),
(1294, 1, 1114112),
(1295, 500, 32784),
(1296, 500, 32798),
(1297, 400, 32802),
(1298, 100, 32802),
(1299, 80, 32812),
(1300, 0, 32812),
(1301, 0, 32812),
(1302, 80, 32812),
(1303, 80, 32812),
(1304, 80, 32812),
(1305, 44, 32812),
(1306, 0, 32784),
(1307, 691, 32798),
(1308, 353, 32802),
(1309, 40, 32812),
(1310, 0, 32812),
(1311, 1, 1114116),
(1312, 100, 32822),
(1313, 1, 1114112),
(1314, 1, 1081344),
(1315, 1, 1048601),
(1316, 1, 1048583),
(1317, 0, 32822),
(1318, 100, 32823),
(1319, 97, 32822),
(1320, 0, 32823),
(1321, 0, 32822),
(1322, 100, 32823),
(1323, 0, 32823),
(1324, 1, 1114118),
(1325, 1, 1114121),
(1326, 1, 1114123),
(1327, 1, 1114126),
(1328, 100, 32826),
(1329, 100, 32830),
(1330, 50, 32840),
(1331, 100, 32844),
(1332, 1, 1114116),
(1333, 0, 32823),
(1334, 1, 1114116),
(1335, 0, 32826),
(1336, 10, 32830),
(1337, 0, 32840),
(1338, 0, 32844),
(1339, 10, 32850),
(1340, 0, 32850),
(1341, 1, 1114118),
(1342, 69, 32844),
(1343, 1, 1114121),
(1344, 1, 1114123),
(1345, 1, 1114126),
(1346, 80, 32812),
(1347, 0, 32812),
(1348, 80, 32812),
(1349, 0, 32812),
(1350, 80, 32812),
(1351, 50, 32812),
(1352, 80, 32812),
(1353, 494, 32798),
(1354, 494, 32798),
(1355, 2500, 32784),
(1356, 4000, 32784),
(1357, 486, 32784),
(1358, 3292, 32784),
(1359, 11, 32850),
(1360, 0, 32850),
(1361, 1, 16),
(1362, 1000, 5),
(1363, 11, 32850),
(1364, 1, 32812),
(1365, 30, 32823),
(1366, 0, 32850),
(1367, 0, 32823),
(1368, 800, 5),
(1369, 600, 5),
(1370, 1, 1048583),
(1371, 97, 32850),
(1372, 1, 1048601),
(1373, 1, 1114126),
(1374, 1, 1114112),
(1375, 1, 1114112),
(1376, 1, 1114126),
(1377, 1, 1048601),
(1378, 1, 1048583),
(1379, 1, 1048592),
(1380, 1, 1048592),
(1381, 1, 10),
(1382, 1, 10),
(1383, 1, 1114116),
(1384, 1, 1114116),
(1385, 410, 3),
(1386, 4000, 3),
(1387, 2000, 3),
(1388, 623, 32790),
(1389, 4000, 32790),
(1390, 2000, 32790),
(1391, 1, 1048583),
(1392, 1, 1048583),
(1393, 1, 16),
(1394, 1, 1048583),
(1395, 1, 1048583),
(1396, 1, 16),
(1397, 1, 1114116),
(1398, 1, 1114116),
(1399, 1, 1048583),
(1400, 1, 1048583),
(1401, 800, 3),
(1402, 800, 5),
(1403, 1, 16),
(1404, 100, 3),
(1405, 145, 3),
(1406, 0, 3),
(1407, 1, 1048583),
(1408, 1, 1048583),
(1409, 1, 1048583),
(1410, 1, 1114112),
(1411, 1, 1114112),
(1412, 1, 1015808),
(1413, 1, 1114126),
(1414, 1, 16),
(1415, 1, 1048583),
(1416, 1, 1114116),
(1417, 1, 1048583),
(1418, 80, 32783),
(1419, 80, 32783),
(1420, 61, 32783),
(1421, 61, 32783),
(1422, 11, 32850),
(1423, 200, 32850),
(1424, 11, 32850);

-- --------------------------------------------------------

--
-- Structure de la table `spaceumad_itemtier`
--

CREATE TABLE IF NOT EXISTS `spaceumad_itemtier` (
  `mIdItemTier` int(11) NOT NULL AUTO_INCREMENT,
  `mDescription` varchar(255) DEFAULT NULL,
  `mName` varchar(255) DEFAULT NULL,
  PRIMARY KEY (`mIdItemTier`)
) ENGINE=MyISAM  DEFAULT CHARSET=latin1 AUTO_INCREMENT=6 ;

--
-- Contenu de la table `spaceumad_itemtier`
--

INSERT INTO `spaceumad_itemtier` (`mIdItemTier`, `mDescription`, `mName`) VALUES
(1, 'itemTierIDescription', 'itemTierIName'),
(2, 'itemTierIIDescription', 'itemTierIIName'),
(3, 'itemTierIIIDescription', 'itemTierIIIName'),
(4, 'itemTierIVDescription', 'itemTierIVName'),
(5, 'itemTierVDescription', 'itemTierVName');

-- --------------------------------------------------------

--
-- Structure de la table `spaceumad_itemtype`
--

CREATE TABLE IF NOT EXISTS `spaceumad_itemtype` (
  `mIdItemType` int(11) NOT NULL AUTO_INCREMENT,
  `mDescription` varchar(255) DEFAULT NULL,
  `mIcon` varchar(255) DEFAULT NULL,
  `mName` varchar(255) DEFAULT NULL,
  `mParent_mIdItemType` int(11) DEFAULT NULL,
  PRIMARY KEY (`mIdItemType`),
  KEY `FK57FA308BF22882E9` (`mParent_mIdItemType`)
) ENGINE=MyISAM  DEFAULT CHARSET=latin1 AUTO_INCREMENT=81 ;

--
-- Contenu de la table `spaceumad_itemtype`
--

INSERT INTO `spaceumad_itemtype` (`mIdItemType`, `mDescription`, `mIcon`, `mName`, `mParent_mIdItemType`) VALUES
(1, 'itemTypeElementDescription', '1-0', 'itemTypeElementName', NULL),
(2, 'itemTypeGemDescription', '1-0', 'itemTypeGemName', NULL),
(3, 'itemTypeOreDescription', '1-0', 'itemTypeOreName', NULL),
(4, 'itemTypeCalciteDescription', '1-0', 'itemTypeCalciteName', 3),
(5, 'itemTypeCopperDescription', '1-0', 'itemTypeCopperName', 3),
(6, 'itemTypeFeldsparDescription', '1-0', 'itemTypeFeldsparName', 3),
(7, 'itemTypeIronDescription', '1-0', 'itemTypeIronName', 3),
(8, 'itemTypeMetalDescription', '1-0', 'itemTypeMetalName', 3),
(9, 'itemTypeOreOtherDescription', '1-0', 'itemTypeOreOtherName', 3),
(10, 'itemTypeSilicateDescription', '1-0', 'itemTypeSilicateName', 3),
(11, 'itemTypeShipDescription', '0-1', 'itemTypeShipName', NULL),
(12, 'itemTypeShipStuffDescription', '1-0', 'itemTypeShipStuffName', NULL),
(13, 'itemTypeAsteroidScannerDescription', '1-0', 'itemTypeAsteroidScannerName', 12),
(14, 'itemTypeDistrubtorDescription', '1-0', 'itemTypeDistrubtorName', 12),
(15, 'itemTypeScannerDescription', '1-0', 'itemTypeScannerName', 12),
(16, 'itemTypeShipUpgradeDescription', '1-0', 'itemTypeShipUpgradeName', NULL),
(17, 'itemTypeArmorUpgradeDescription', '1-0', 'itemTypeArmorUpgradeName', 16),
(18, 'itemTypeCargoUpgradeDescription', '1-0', 'itemTypeCargoUpgradeName', 16),
(19, 'itemTypePropulsionUpgradeDescription', '1-0', 'itemTypePropulsionUpgradeName', 16),
(20, 'itemTypeShieldUpgradeDescription', '1-0', 'itemTypeShieldUpgradeName', 16),
(21, 'itemTypeStructureUpgradeDescription', '1-0', 'itemTypeStructureUpgradeName', 16),
(22, 'itemTypeWeaponUpgradeDescription', '1-0', 'itemTypeWeaponUpgradeName', 16),
(23, 'itemTypeWeaponDescription', '0-2', 'itemTypeWeaponName', NULL),
(24, 'itemTypeWeaponKineticDescription', '1-2', 'itemTypeWeaponKineticName', 23),
(25, 'itemTypeWeaponLazerDescription', '1-3', 'itemTypeWeaponLazerName', 23),
(27, 'itemTypeStationDescription', '1-0', 'itemTypeStationName', NULL),
(28, 'itemTypeStationMineralDescription', '1-0', 'itemTypeStationMineralName', 27),
(29, 'itemTypeStationOrbitalDescription', '1-0', 'itemTypeStationOrbitalName', 27),
(30, 'itemTypeAmmoDescription', '0-0', 'itemTypeAmmoName', NULL),
(31, 'itemTypeAmmoKineticDescription', '1-1', 'itemTypeAmmoKineticName', 30),
(32, 'itemTypeAmmoLaserDescription', '5-1', 'itemTypeAmmoLaserName', 30),
(33, 'itemTypeAmmoMissileDescription', '10-1', 'itemTypeAmmoMissileName', 30),
(35, 'itemTypeShipFrigateDescription', '0-1', 'itemTypeShipFrigateName', 11),
(36, 'itemTypeShipCruiserDescription', '0-1', 'itemTypeShipCruiserName', 11),
(37, 'itemTypeWeaponTurretDescription', '1-0', 'itemTypeWeaponTurretName', 23),
(38, 'itemTypeWeaponTurretKineticDescription', '1-0', 'itemTypeWeaponTurretKineticName', 37),
(39, 'itemTypeWeaponTurretLaserDescription', '1-0', 'itemTypeWeaponTurretLaserName', 37),
(40, 'itemTypeWeaponTurretLauncherDescription', '1-0', 'itemTypeWeaponTurretLauncherName', 37),
(41, 'itemTypeShipDestroyerDescription', '0-1', 'itemTypeShipDestroyerName', 11),
(42, 'itemTypeShipBattleCruiserDescription', '0-1', 'itemTypeShipBattleCruiserName', 11),
(43, 'itemTypeShipBattleShipDescription', '0-1', 'itemTypeShipBattleShipName', 11),
(44, 'itemTypeShipMotherShipDescription', '0-1', 'itemTypeShipMotherShipName', 11),
(45, 'itemTypeShipBuilderDescription', '0-1', 'itemTypeShipBuilderName', 11),
(46, 'itemTypeShipTransporterDescription', '0-1', 'itemTypeShipTransporterName', 11),
(47, 'itemTypeWeaponKineticSmallDescription', '1-2', 'itemTypeWeaponKineticSmallName', 24),
(48, 'itemTypeWeaponKineticMediumDescription', '2-2', 'itemTypeWeaponKineticMediumName', 24),
(49, 'itemTypeWeaponKineticLargeDescription', '3-2', 'itemTypeWeaponKineticLargeName', 24),
(50, 'itemTypeWeaponKineticExtraLargeDescription', '4-2', 'itemTypeWeaponKineticExtraLargeName', 24),
(51, 'itemTypeWeaponLazerSmallDescription', '1-3', 'itemTypeWeaponLazerSmallName', 25),
(52, 'itemTypeWeaponLazerMediumDescription', '2-3', 'itemTypeWeaponLazerMediumName', 25),
(53, 'itemTypeWeaponLazerLargeDescription', '3-3', 'itemTypeWeaponLazerLargeName', 25),
(54, 'itemTypeWeaponLazerExtraLargeDescription', '4-3', 'itemTypeWeaponLazerExtraLargeName', 25),
(65, 'itemTypeAmmoKineticSmallDescription', '1-1', 'itemTypeAmmoKineticSmallName', 31),
(56, 'itemTypeWeaponMissileLauncherDescription', '1-4', 'itemTypeWeaponMissileLauncherName', 23),
(57, 'itemTypeWeaponMissileLauncherSmallDescription', '1-4', 'itemTypeWeaponMissileLauncherSmallName', 56),
(58, 'itemTypeWeaponMissileLauncherMediumDescription', '2-4', 'itemTypeWeaponMissileLauncherMediumName', 56),
(59, 'itemTypeWeaponMissileLauncherLargeDescription', '3-4', 'itemTypeWeaponMissileLauncherLargeName', 56),
(60, 'itemTypeWeaponMissileLauncherExtraLargeDescription', '4-4', 'itemTypeWeaponMissileLauncherExtraLargeName', 56),
(66, 'itemTypeAmmoKineticMediumDescription', '2-1', 'itemTypeAmmoKineticMediumName', 31),
(67, 'itemTypeAmmoKineticLargeDescription', '3-1', 'itemTypeAmmoKineticLargeName', 31),
(68, 'itemTypeAmmoKineticExtraLargeDescription', '4-1', 'itemTypeAmmoKineticExtraLargeName', 31),
(69, 'itemTypeAmmoLaserSmallDescription', '6-1', 'itemTypeAmmoLaserSmallName', 32),
(70, 'itemTypeAmmoLaserMediumDescription', '7-1', 'itemTypeAmmoLaserMediumName', 32),
(71, 'itemTypeAmmoLaserLargeDescription', '8-1', 'itemTypeAmmoLaserLargeName', 32),
(72, 'itemTypeAmmoLaserExtraLargeDescription', '9-1', 'itemTypeAmmoLaserExtraLargeName', 32),
(73, 'itemTypeAmmoMissileSmallDescription', '11-1', 'itemTypeAmmoMissileSmallName', 33),
(74, 'itemTypeAmmoMissileMediumDescription', '12-1', 'itemTypeAmmoMissileMediumName', 33),
(75, 'itemTypeAmmoMissileLargeDescription', '13-1', 'itemTypeAmmoMissileLargeName', 33),
(76, 'itemTypeAmmoMissileExtraLargeDescription', '14-1', 'itemTypeAmmoMissileExtraLargeName', 33);

-- --------------------------------------------------------

--
-- Structure de la table `spaceumad_job`
--

CREATE TABLE IF NOT EXISTS `spaceumad_job` (
  `mIdJob` int(11) NOT NULL AUTO_INCREMENT,
  `mBonus` varchar(255) DEFAULT NULL,
  `mBonusCount` int(11) NOT NULL,
  `mDescription` varchar(255) DEFAULT NULL,
  `mName` varchar(255) DEFAULT NULL,
  `mSpriteId` varchar(255) DEFAULT NULL,
  PRIMARY KEY (`mIdJob`)
) ENGINE=MyISAM  DEFAULT CHARSET=latin1 AUTO_INCREMENT=5 ;

--
-- Contenu de la table `spaceumad_job`
--

INSERT INTO `spaceumad_job` (`mIdJob`, `mBonus`, `mBonusCount`, `mDescription`, `mName`, `mSpriteId`) VALUES
(1, ';0(12);1(9);', 2, 'jobMercenaryDescription', 'jobMercenaryName', '0-0'),
(2, ';0(7);', 1, 'jobIndustrialistDescription', 'jobIndustrialistName', '1-0'),
(3, NULL, 0, 'jobTraderDescription', 'jobTraderName', '2-0'),
(4, ';5(26);', 1, 'jobBuilderDescription', 'jobBuilderName', '3-0');

-- --------------------------------------------------------

--
-- Structure de la table `spaceumad_npcshipmodel`
--

CREATE TABLE IF NOT EXISTS `spaceumad_npcshipmodel` (
  `mIdNpcShipModel` int(11) NOT NULL AUTO_INCREMENT,
  `mCharacterLevelMax` int(11) NOT NULL,
  `mCharacterLevelMin` int(11) NOT NULL,
  `mLevelMax` int(11) NOT NULL,
  `mLevelMin` int(11) NOT NULL,
  `mLootCreditMax` bigint(20) NOT NULL,
  `mLootCreditMin` bigint(20) NOT NULL,
  `mLootExprerience` bigint(20) NOT NULL,
  `mName` varchar(255) DEFAULT NULL,
  `mIdNpcType` int(11) DEFAULT NULL,
  `mIdShipModel` int(11) DEFAULT NULL,
  PRIMARY KEY (`mIdNpcShipModel`),
  KEY `FKAEA9016A3B341E8F` (`mIdShipModel`),
  KEY `FKAEA9016A990A1BD2` (`mIdNpcType`)
) ENGINE=MyISAM DEFAULT CHARSET=latin1 AUTO_INCREMENT=1 ;

--
-- Contenu de la table `spaceumad_npcshipmodel`
--


-- --------------------------------------------------------

--
-- Structure de la table `spaceumad_npctype`
--

CREATE TABLE IF NOT EXISTS `spaceumad_npctype` (
  `mIdNpcType` int(11) NOT NULL AUTO_INCREMENT,
  `mAggressive` bit(1) NOT NULL,
  `mColor` varchar(255) DEFAULT NULL,
  `mName` varchar(255) DEFAULT NULL,
  PRIMARY KEY (`mIdNpcType`)
) ENGINE=MyISAM DEFAULT CHARSET=latin1 AUTO_INCREMENT=1 ;

--
-- Contenu de la table `spaceumad_npctype`
--


-- --------------------------------------------------------

--
-- Structure de la table `spaceumad_patchnote`
--

CREATE TABLE IF NOT EXISTS `spaceumad_patchnote` (
  `mIdPatchNote` int(11) NOT NULL AUTO_INCREMENT,
  `mActive` bit(1) NOT NULL,
  `mComment` varchar(255) DEFAULT NULL,
  `mDate` datetime DEFAULT NULL,
  `mDownloadPath` varchar(255) DEFAULT NULL,
  `mRelease` varchar(255) DEFAULT NULL,
  PRIMARY KEY (`mIdPatchNote`)
) ENGINE=MyISAM DEFAULT CHARSET=latin1 AUTO_INCREMENT=1 ;

--
-- Contenu de la table `spaceumad_patchnote`
--


-- --------------------------------------------------------

--
-- Structure de la table `spaceumad_patchnotefeature`
--

CREATE TABLE IF NOT EXISTS `spaceumad_patchnotefeature` (
  `mIdPatchNoteFeature` int(11) NOT NULL AUTO_INCREMENT,
  `mContent` varchar(255) DEFAULT NULL,
  `mIdPatchNote` int(11) DEFAULT NULL,
  PRIMARY KEY (`mIdPatchNoteFeature`),
  KEY `FK3992033AE79CD5DF` (`mIdPatchNote`)
) ENGINE=MyISAM DEFAULT CHARSET=latin1 AUTO_INCREMENT=1 ;

--
-- Contenu de la table `spaceumad_patchnotefeature`
--


-- --------------------------------------------------------

--
-- Structure de la table `spaceumad_race`
--

CREATE TABLE IF NOT EXISTS `spaceumad_race` (
  `mIdRace` int(11) NOT NULL AUTO_INCREMENT,
  `mAvatarCount` int(11) NOT NULL,
  `mAvatarIndex` varchar(255) DEFAULT NULL,
  `mBonus` varchar(255) DEFAULT NULL,
  `mBonusCount` int(11) NOT NULL,
  `mDescription` varchar(255) DEFAULT NULL,
  `mName` varchar(255) DEFAULT NULL,
  `mSpriteId` varchar(255) DEFAULT NULL,
  PRIMARY KEY (`mIdRace`)
) ENGINE=MyISAM  DEFAULT CHARSET=latin1 AUTO_INCREMENT=3 ;

--
-- Contenu de la table `spaceumad_race`
--

INSERT INTO `spaceumad_race` (`mIdRace`, `mAvatarCount`, `mAvatarIndex`, `mBonus`, `mBonusCount`, `mDescription`, `mName`, `mSpriteId`) VALUES
(1, 10, ';0-0;1-0;2-0;3-0;4-0;5-0;6-0;7-0;8-0;9-0;', ';0(10);', 1, 'raceHumanDescription', 'raceHumanName', '0-0'),
(2, 5, ';0-1;1-1;2-1;3-1;4-1;', ';0(11);1(5);', 2, 'raceAndroidDescription', 'raceAndroidName', '1-0');

-- --------------------------------------------------------

--
-- Structure de la table `spaceumad_shipmodel`
--

CREATE TABLE IF NOT EXISTS `spaceumad_shipmodel` (
  `mIdItem` int(11) NOT NULL,
  `mArmor` double NOT NULL,
  `mArmorRegen` double NOT NULL,
  `mArmorResist` double NOT NULL,
  `mCargo` int(11) NOT NULL,
  `mExplosionSoud` varchar(255) DEFAULT NULL,
  `mFlashingLights` varchar(2048) DEFAULT NULL,
  `mHitboxHeight` int(11) NOT NULL,
  `mHitboxWidth` int(11) NOT NULL,
  `mLevelConf` varchar(255) DEFAULT NULL,
  `mQuickening` float NOT NULL,
  `mRadars` varchar(2048) DEFAULT NULL,
  `mReactorSound` varchar(255) DEFAULT NULL,
  `mReactors` varchar(2048) DEFAULT NULL,
  `mRotationVelocity` float NOT NULL,
  `mScaleMax` float NOT NULL,
  `mScaleMin` float NOT NULL,
  `mShield` double NOT NULL,
  `mShieldRegen` double NOT NULL,
  `mShieldResist` double NOT NULL,
  `mSprite` varchar(255) DEFAULT NULL,
  `mSpriteShield` varchar(255) DEFAULT NULL,
  `mSpriteWreck` varchar(255) DEFAULT NULL,
  `mSpriteWreckElec` varchar(255) DEFAULT NULL,
  `mSpriteWreckEmber` varchar(255) DEFAULT NULL,
  `mStructure` double NOT NULL,
  `mStructureRegen` double NOT NULL,
  `mStructureResist` double NOT NULL,
  `mStuffSlot` int(11) NOT NULL,
  `mTurrets` varchar(2048) DEFAULT NULL,
  `mUpgradeSlot` int(11) NOT NULL,
  `mVelocity` float NOT NULL,
  `mWeaponSlot` int(11) NOT NULL,
  `mWeaponTypeAllowed` varchar(255) DEFAULT NULL,
  `mWeapons` varchar(2048) DEFAULT NULL,
  PRIMARY KEY (`mIdItem`),
  KEY `FK6BBA366F6000BFBD` (`mIdItem`)
) ENGINE=MyISAM DEFAULT CHARSET=latin1;

--
-- Contenu de la table `spaceumad_shipmodel`
--

INSERT INTO `spaceumad_shipmodel` (`mIdItem`, `mArmor`, `mArmorRegen`, `mArmorResist`, `mCargo`, `mExplosionSoud`, `mFlashingLights`, `mHitboxHeight`, `mHitboxWidth`, `mLevelConf`, `mQuickening`, `mRadars`, `mReactorSound`, `mReactors`, `mRotationVelocity`, `mScaleMax`, `mScaleMin`, `mShield`, `mShieldRegen`, `mShieldResist`, `mSprite`, `mSpriteShield`, `mSpriteWreck`, `mSpriteWreckElec`, `mSpriteWreckEmber`, `mStructure`, `mStructureRegen`, `mStructureResist`, `mStuffSlot`, `mTurrets`, `mUpgradeSlot`, `mVelocity`, `mWeaponSlot`, `mWeaponTypeAllowed`, `mWeapons`) VALUES
(7, 1500, 2, 0, 50, 'explosionSmall_01.ogg', '[{"x":-14,"y":5,"color":0,"size":16,"tickmin":1000,"tickmax":2500},{"x":14,"y":5,"color":0,"size":16,"tickmin":1000,"tickmax":2500}]', 48, 48, 'shiplevel-1', 200, NULL, 'reactorSmall.ogg', '[{"x":0,"y":17,"size":20,"type":0,"reactoralphaspeed":200}]', 180, 1, 1, 1000, 5, 0, 'frigate-01.png', 'frigateshield-01.png', 'wreck_shipsmall_1.png', 'wreck_shipsmall_1_elec.png', 'wreck_shipsmall_1_ember.png', 2000, 1, 0, 2, NULL, 2, 750, 4, '47;51;57', '[{"x":-18,"y":-3,"size":15,"sprite":"cannon_basic.png"},{"x":18,"y":-3,"size":15,"sprite":"cannon_basic.png"}]'),
(8, 1500, 1, 0, 50, 'explosionSmall_01.ogg', '[{"x":-14,"y":5,"color":0,"size":16,"tickmin":1000,"tickmax":2500},{"x":14,"y":5,"color":0,"size":16,"tickmin":1000,"tickmax":2500}]', 48, 48, 'shiplevel-2', 200, NULL, 'reactorSmall.ogg', '[{"x":0,"y":17,"size":20,"type":0,"reactoralphaspeed":200}]', 180, 1, 1, 1000, 5, 0, 'frigate-02.png', 'frigateshield-01.png', 'wreck_shipsmall_1.png', 'wreck_shipsmall_1_elec.png', 'wreck_shipsmall_1_ember.png', 2000, 1, 0, 2, NULL, 2, 750, 4, '47;51;57', '[{"x":-18,"y":-3,"size":15,"sprite":"cannon_basic.png"},{"x":18,"y":-3,"size":15,"sprite":"cannon_basic.png"}]'),
(9, 0, 0, 0, 0, NULL, NULL, 0, 0, NULL, 0, NULL, NULL, NULL, 0, 0, 0, 0, 0, 0, NULL, NULL, NULL, NULL, NULL, 0, 0, 0, 0, NULL, 0, 0, 0, NULL, NULL),
(1146880, 1500, 2, 0, 50, 'explosionSmall_01.ogg', '[{"x":-19,"y":7,"color":0,"size":16,"tickmin":2500,"tickmax":5000},{"x":19,"y":7,"color":0,"size":16,"tickmin":2500,"tickmax":5000}]', 48, 48, 'shiplevel-3', 200, NULL, 'reactorSmall.ogg', '[{"x":0,"y":21,"size":20,"type":0,"reactoralphaspeed":200}]', 180, 1, 1, 1000, 5, 0, 'frigate-03.png', 'frigateshield-02.png', 'wreck_shipsmall_2.png', 'wreck_shipsmall_2_elec.png', 'wreck_shipsmall_2_ember.png', 2000, 1, 0, 2, NULL, 2, 750, 4, '47;51;57', '[{"x":-10,"y":2,"size":15,"sprite":"cannon_basic.png"},{"x":9,"y":2,"size":15,"sprite":"cannon_basic.png"}]'),
(1146881, 1500, 2, 0, 50, 'explosionSmall_01.ogg', '[{"x":-19,"y":7,"color":0,"size":16,"tickmin":2500,"tickmax":5000},{"x":19,"y":7,"color":0,"size":16,"tickmin":2500,"tickmax":5000}]', 48, 48, 'shiplevel-4', 200, NULL, 'reactorSmall.ogg', '[{"x":0,"y":21,"size":20,"type":0,"reactoralphaspeed":200}]', 180, 1, 1, 1000, 5, 0, 'frigate-04.png', 'frigateshield-02.png', 'wreck_shipsmall_2.png', 'wreck_shipsmall_2_elec.png', 'wreck_shipsmall_2_ember.png', 2000, 1, 0, 2, NULL, 2, 750, 4, '47;51;57', '[{"x":-10,"y":2,"size":15,"sprite":"cannon_basic.png"},{"x":9,"y":2,"size":15,"sprite":"cannon_basic.png"}]'),
(1146882, 1500, 2, 0, 50, 'explosionSmall_01.ogg', '[{"x":-12,"y":9,"color":0,"size":16,"tickmin":2500,"tickmax":5000}]', 48, 48, 'shiplevel-5', 200, NULL, 'reactorSmall.ogg', '[{"x":2,"y":21,"size":20,"type":0,"reactoralphaspeed":200}]', 180, 1, 1, 1000, 5, 0, 'frigate-05.png', 'frigateshield-03.png', 'wreck_shipsmall_3.png', 'wreck_shipsmall_3_elec.png', 'wreck_shipsmall_3_ember.png', 2000, 1, 0, 2, NULL, 2, 750, 4, '47;51;57', '[{"x":-16,"y":-4,"size":15,"sprite":"cannon_basic.png"},{"x":15,"y":2,"size":15,"sprite":"cannon_basic.png"}]'),
(1146883, 1500, 2, 0, 50, 'explosionSmall_01.ogg', '[{"x":-12,"y":9,"color":0,"size":16,"tickmin":2500,"tickmax":5000}]', 48, 48, 'shiplevel-6', 200, NULL, 'reactorSmall.ogg', '[{"x":2,"y":21,"size":20,"type":0,"reactoralphaspeed":200}]', 180, 1, 1, 1000, 5, 0, 'frigate-06.png', 'frigateshield-03.png', 'wreck_shipsmall_3.png', 'wreck_shipsmall_3_elec.png', 'wreck_shipsmall_3_ember.png', 2000, 1, 0, 2, NULL, 2, 750, 4, '47;51;57', '[{"x":-16,"y":-4,"size":15,"sprite":"cannon_basic.png"},{"x":15,"y":2,"size":15,"sprite":"cannon_basic.png"}]'),
(1179648, 1500, 2, 0, 50, 'explosionSmall_01.ogg', '[{"x":-14,"y":14,"color":0,"size":16,"tickmin":2500,"tickmax":5000},{"x":13,"y":14,"color":0,"size":16,"tickmin":2500,"tickmax":5000}]', 48, 48, 'shiplevel-7', 200, NULL, 'reactorSmall.ogg', '[{"x":0,"y":22,"size":20,"type":0,"reactoralphaspeed":200}]', 180, 1, 1, 1000, 5, 0, 'frigate-07.png', 'frigateshield-04.png', 'wreck_shipsmall_1.png', 'wreck_shipsmall_1_elec.png', 'wreck_shipsmall_1_ember.png', 2000, 1, 0, 2, NULL, 2, 750, 4, '47;51;57', '[{"x":-12,"y":-2,"size":15,"sprite":"cannon_basic.png"},{"x":11,"y":-2,"size":15,"sprite":"cannon_basic.png"}]'),
(1179649, 1500, 2, 0, 50, 'explosionSmall_01.ogg', '[{"x":-14,"y":14,"color":0,"size":16,"tickmin":2500,"tickmax":5000},{"x":13,"y":14,"color":0,"size":16,"tickmin":2500,"tickmax":5000}]', 48, 48, 'shiplevel-8', 200, NULL, 'reactorSmall.ogg', '[{"x":0,"y":22,"size":20,"type":0,"reactoralphaspeed":200}]', 180, 1, 1, 1000, 5, 0, 'frigate-08.png', 'frigateshield-04.png', 'wreck_shipsmall_1.png', 'wreck_shipsmall_1_elec.png', 'wreck_shipsmall_1_ember.png', 2000, 1, 0, 2, NULL, 2, 750, 4, '47;51;57', '[{"x":-12,"y":-2,"size":15,"sprite":"cannon_basic.png"},{"x":11,"y":-2,"size":15,"sprite":"cannon_basic.png"}]'),
(1212416, 1500, 2, 0, 50, 'explosionSmall_01.ogg', '[{"x":-1,"y":3,"color":0,"size":16,"tickmin":2500,"tickmax":5000}]', 48, 48, 'shiplevel-9', 200, NULL, 'reactorSmall.ogg', '[{"x":0,"y":19,"size":20,"type":0,"reactoralphaspeed":200}]', 180, 1, 1, 1000, 5, 0, 'frigate-09.png', 'frigateshield-05.png', 'wreck_shipsmall_2.png', 'wreck_shipsmall_2_elec.png', 'wreck_shipsmall_2_ember.png', 2000, 1, 0, 2, NULL, 2, 750, 4, '47;51;57', '[{"x":-14,"y":-12,"size":15,"sprite":"cannon_basic.png"},{"x":13,"y":-12,"size":15,"sprite":"cannon_basic.png"}]'),
(1212417, 1500, 2, 0, 50, 'explosionSmall_01.ogg', '[{"x":-1,"y":3,"color":0,"size":16,"tickmin":2500,"tickmax":5000}]', 48, 48, 'shiplevel-10', 200, NULL, 'reactorSmall.ogg', '[{"x":0,"y":19,"size":20,"type":0,"reactoralphaspeed":200}]', 180, 1, 1, 1000, 5, 0, 'frigate-10.png', 'frigateshield-05.png', 'wreck_shipsmall_2.png', 'wreck_shipsmall_2_elec.png', 'wreck_shipsmall_2_ember.png', 2000, 1, 0, 2, NULL, 2, 750, 4, '47;51;57', '[{"x":-14,"y":-12,"size":15,"sprite":"cannon_basic.png"},{"x":13,"y":-12,"size":15,"sprite":"cannon_basic.png"}]'),
(1212418, 1500, 2, 0, 50, 'explosionSmall_01.ogg', '[{"x":-7,"y":-17,"color":0,"size":16,"tickmin":2500,"tickmax":5000},{"x":5,"y":-17,"color":0,"size":16,"tickmin":2500,"tickmax":5000}]', 48, 48, 'shiplevel-11', 200, NULL, 'reactorSmall.ogg', '[{"x":0,"y":20,"size":20,"type":0,"reactoralphaspeed":200}]', 180, 1, 1, 1000, 5, 0, 'frigate-11.png', 'frigateshield-06.png', 'wreck_shipsmall_3.png', 'wreck_shipsmall_3_elec.png', 'wreck_shipsmall_3_ember.png', 2000, 1, 0, 2, NULL, 2, 750, 4, '47;51;57', '[{"x":-13,"y":-3,"size":15,"sprite":"cannon_basic.png"},{"x":12,"y":-3,"size":15,"sprite":"cannon_basic.png"}]'),
(1212419, 1500, 2, 0, 50, 'explosionSmall_01.ogg', '[{"x":-7,"y":-17,"color":0,"size":16,"tickmin":2500,"tickmax":5000},{"x":5,"y":-17,"color":0,"size":16,"tickmin":2500,"tickmax":5000}]', 48, 48, 'shiplevel-12', 200, NULL, 'reactorSmall.ogg', '[{"x":0,"y":20,"size":20,"type":0,"reactoralphaspeed":200}]', 180, 1, 1, 1000, 5, 0, 'frigate-12.png', 'frigateshield-06.png', 'wreck_shipsmall_3.png', 'wreck_shipsmall_3_elec.png', 'wreck_shipsmall_3_ember.png', 2000, 1, 0, 2, NULL, 2, 750, 4, '47;51;57', '[{"x":-13,"y":-3,"size":15,"sprite":"cannon_basic.png"},{"x":12,"y":-3,"size":15,"sprite":"cannon_basic.png"}]'),
(1212420, 1500, 2, 0, 50, 'explosionSmall_01.ogg', '[{"x":-16,"y":9,"color":0,"size":21,"tickmin":2500,"tickmax":5000},{"x":17,"y":9,"color":0,"size":21,"tickmin":2500,"tickmax":5000}]', 64, 64, 'shiplevel-13', 200, NULL, 'reactorSmall.ogg', '[{"x":-15,"y":20,"size":27,"type":1,"reactoralphaspeed":200},{"x":17,"y":20,"size":27,"type":2,"reactoralphaspeed":200}]', 180, 1, 1, 1000, 5, 0, 'destroyer-01.png', 'destroyershield-01.png', 'wreck_shipmedium_1.png', 'wreck_shipmedium_1_elec.png', 'wreck_shipmedium_1_ember.png', 2000, 1, 0, 2, NULL, 2, 750, 4, '47;51;57', '[{"x":-24,"y":-5,"size":20,"sprite":"cannon_basic.png"},{"x":24,"y":-5,"size":20,"sprite":"cannon_basic.png"}]'),
(1212421, 1500, 2, 0, 50, 'explosionSmall_01.ogg', '[{"x":-16,"y":9,"color":0,"size":21,"tickmin":2500,"tickmax":5000},{"x":17,"y":9,"color":0,"size":21,"tickmin":2500,"tickmax":5000}]', 64, 64, 'shiplevel-14', 200, NULL, 'reactorSmall.ogg', '[{"x":-15,"y":20,"size":27,"type":1,"reactoralphaspeed":200},{"x":17,"y":20,"size":27,"type":2,"reactoralphaspeed":200}]', 180, 1, 1, 1000, 5, 0, 'destroyer-02.png', 'destroyershield-01.png', 'wreck_shipmedium_1.png', 'wreck_shipmedium_1_elec.png', 'wreck_shipmedium_1_ember.png', 2000, 1, 0, 2, NULL, 2, 750, 4, '47;51;57', '[{"x":-24,"y":-5,"size":20,"sprite":"cannon_basic.png"},{"x":24,"y":-5,"size":20,"sprite":"cannon_basic.png"}]'),
(1212422, 1500, 2, 0, 50, 'explosionSmall_01.ogg', '[{"x":-27,"y":-18,"color":0,"size":21,"tickmin":2500,"tickmax":5000},{"x":25,"y":-18,"color":0,"size":21,"tickmin":2500,"tickmax":5000}]', 64, 64, 'shiplevel-15', 200, NULL, 'reactorSmall.ogg', '[{"x":-19,"y":24,"size":21,"type":1,"reactoralphaspeed":200},{"x":18,"y":24,"size":21,"type":2,"reactoralphaspeed":200}]', 180, 1, 1, 1000, 5, 0, 'destroyer-03.png', 'destroyershield-02.png', 'wreck_shipmedium_2.png', 'wreck_shipmedium_2_elec.png', 'wreck_shipmedium_2_ember.png', 2000, 1, 0, 2, NULL, 2, 750, 4, '47;51;57', '[{"x":-12,"y":-17,"size":20,"sprite":"cannon_basic.png"},{"x":11,"y":-17,"size":20,"sprite":"cannon_basic.png"}]'),
(1212423, 1500, 2, 0, 50, 'explosionSmall_01.ogg', '[{"x":-27,"y":-18,"color":0,"size":21,"tickmin":2500,"tickmax":5000},{"x":25,"y":-18,"color":0,"size":21,"tickmin":2500,"tickmax":5000}]', 64, 64, 'shiplevel-16', 200, NULL, 'reactorSmall.ogg', '[{"x":-19,"y":24,"size":21,"type":1,"reactoralphaspeed":200},{"x":18,"y":24,"size":21,"type":2,"reactoralphaspeed":200}]', 180, 1, 1, 1000, 5, 0, 'destroyer-04.png', 'destroyershield-02.png', 'wreck_shipmedium_2.png', 'wreck_shipmedium_2_elec.png', 'wreck_shipmedium_2_ember.png', 2000, 1, 0, 2, NULL, 2, 750, 4, '47;51;57', '[{"x":-12,"y":-17,"size":20,"sprite":"cannon_basic.png"},{"x":11,"y":-17,"size":20,"sprite":"cannon_basic.png"}]'),
(1212424, 1500, 2, 0, 50, 'explosionSmall_01.ogg', '[{"x":-5,"y":-12,"color":0,"size":21,"tickmin":2500,"tickmax":5000},{"x":-5,"y":2,"color":0,"size":21,"tickmin":2500,"tickmax":5000}]', 64, 64, 'shiplevel-17', 200, NULL, 'reactorSmall.ogg', '[{"x":7,"y":29,"size":27,"type":0,"reactoralphaspeed":200}]', 180, 1, 1, 1000, 5, 0, 'destroyer-05.png', 'destroyershield-03.png', 'wreck_shipmedium_3.png', 'wreck_shipmedium_3_elec.png', 'wreck_shipmedium_3_ember.png', 2000, 1, 0, 2, NULL, 2, 750, 4, '47;51;57', '[{"x":-27,"y":-6,"size":20,"sprite":"cannon_basic.png"},{"x":19,"y":0,"size":20,"sprite":"cannon_basic.png"}]'),
(1212425, 1500, 2, 0, 50, 'explosionSmall_01.ogg', '[{"x":-5,"y":-12,"color":0,"size":21,"tickmin":2500,"tickmax":5000},{"x":-5,"y":2,"color":0,"size":21,"tickmin":2500,"tickmax":5000}]', 64, 64, 'shiplevel-18', 200, NULL, 'reactorSmall.ogg', '[{"x":7,"y":29,"size":27,"type":0,"reactoralphaspeed":200}]', 180, 1, 1, 1000, 5, 0, 'destroyer-06.png', 'destroyershield-03.png', 'wreck_shipmedium_3.png', 'wreck_shipmedium_3_elec.png', 'wreck_shipmedium_3_ember.png', 2000, 1, 0, 2, NULL, 2, 750, 4, '47;51;57', '[{"x":-27,"y":-6,"size":20,"sprite":"cannon_basic.png"},{"x":19,"y":0,"size":20,"sprite":"cannon_basic.png"}]'),
(1212426, 1500, 2, 0, 50, 'explosionSmall_01.ogg', '[{"x":-17,"y":-10,"color":0,"size":21,"tickmin":2500,"tickmax":5000},{"x":15,"y":-10,"color":0,"size":21,"tickmin":2500,"tickmax":5000}]', 64, 64, 'shiplevel-19', 200, NULL, 'reactorSmall.ogg', '[{"x":-9,"y":29,"size":27,"type":1,"reactoralphaspeed":200},{"x":8,"y":29,"size":27,"type":2,"reactoralphaspeed":200}]', 180, 1, 1, 1000, 5, 0, 'destroyer-07.png', 'destroyershield-04.png', 'wreck_shipmedium_1.png', 'wreck_shipmedium_1_elec.png', 'wreck_shipmedium_1_ember.png', 2000, 1, 0, 2, NULL, 2, 750, 4, '47;51;57', '[{"x":-14,"y":-16,"size":20,"sprite":"cannon_basic.png"},{"x":9,"y":-16,"size":20,"sprite":"cannon_basic.png"},{"x":-1,"y":4,"size":20,"sprite":"cannon_basic.png"}]'),
(1212427, 1500, 2, 0, 50, 'explosionSmall_01.ogg', '[{"x":-17,"y":-10,"color":0,"size":21,"tickmin":2500,"tickmax":5000},{"x":15,"y":-10,"color":0,"size":21,"tickmin":2500,"tickmax":5000}]', 64, 64, 'shiplevel-20', 200, NULL, 'reactorSmall.ogg', '[{"x":-9,"y":29,"size":27,"type":1,"reactoralphaspeed":200},{"x":8,"y":29,"size":27,"type":2,"reactoralphaspeed":200}]', 180, 1, 1, 1000, 5, 0, 'destroyer-08.png', 'destroyershield-04.png', 'wreck_shipmedium_1.png', 'wreck_shipmedium_1_elec.png', 'wreck_shipmedium_1_ember.png', 2000, 1, 0, 2, NULL, 2, 750, 4, '47;51;57', '[{"x":-14,"y":-16,"size":20,"sprite":"cannon_basic.png"},{"x":9,"y":-16,"size":20,"sprite":"cannon_basic.png"},{"x":-1,"y":4,"size":20,"sprite":"cannon_basic.png"}]'),
(1212428, 1500, 2, 0, 50, 'explosionSmall_01.ogg', '[{"x":-28,"y":4,"color":0,"size":21,"tickmin":2500,"tickmax":5000},{"x":28,"y":-6,"color":0,"size":21,"tickmin":2500,"tickmax":5000}]', 64, 64, 'shiplevel-21', 200, NULL, 'reactorSmall.ogg', '[{"x":-4,"y":10,"size":27,"type":0,"reactoralphaspeed":200}]', 180, 1, 1, 1000, 5, 0, 'destroyer-09.png', 'destroyershield-05.png', 'wreck_shipmedium_2.png', 'wreck_shipmedium_2_elec.png', 'wreck_shipmedium_2_ember.png', 2000, 1, 0, 2, NULL, 2, 750, 4, '47;51;57', '[{"x":-5,"y":-12,"size":20,"sprite":"cannon_basic.png"},{"x":13,"y":-2,"size":20,"sprite":"cannon_basic.png"}]'),
(1212429, 1500, 2, 0, 50, 'explosionSmall_01.ogg', '[{"x":-28,"y":4,"color":0,"size":21,"tickmin":2500,"tickmax":5000},{"x":28,"y":-6,"color":0,"size":21,"tickmin":2500,"tickmax":5000}]', 64, 64, 'shiplevel-22', 200, NULL, 'reactorSmall.ogg', '[{"x":-4,"y":10,"size":27,"type":0,"reactoralphaspeed":200}]', 180, 1, 1, 1000, 5, 0, 'destroyer-10.png', 'destroyershield-05.png', 'wreck_shipmedium_2.png', 'wreck_shipmedium_2_elec.png', 'wreck_shipmedium_2_ember.png', 2000, 1, 0, 2, NULL, 2, 750, 4, '47;51;57', '[{"x":-5,"y":-12,"size":20,"sprite":"cannon_basic.png"},{"x":13,"y":-2,"size":20,"sprite":"cannon_basic.png"}]'),
(1212430, 1500, 2, 0, 50, 'explosionSmall_01.ogg', '[{"x":-18,"y":-9,"color":0,"size":21,"tickmin":2500,"tickmax":5000}]', 64, 64, 'shiplevel-23', 200, NULL, 'reactorSmall.ogg', '[{"x":-4,"y":30,"size":27,"type":0,"reactoralphaspeed":200}]', 180, 1, 1, 1000, 5, 0, 'destroyer-11.png', 'destroyershield-06.png', 'wreck_shipmedium_3.png', 'wreck_shipmedium_3_elec.png', 'wreck_shipmedium_3_ember.png', 2000, 1, 0, 2, NULL, 2, 750, 4, '47;51;57', '[{"x":-8,"y":-20,"size":20,"sprite":"cannon_basic.png"},{"x":15,"y":-7,"size":20,"sprite":"cannon_basic.png"}]'),
(1212431, 1500, 2, 0, 50, 'explosionSmall_01.ogg', '[{"x":-18,"y":-9,"color":0,"size":21,"tickmin":2500,"tickmax":5000}]', 64, 64, 'shiplevel-24', 200, NULL, 'reactorSmall.ogg', '[{"x":-4,"y":30,"size":27,"type":0,"reactoralphaspeed":200}]', 180, 1, 1, 1000, 5, 0, 'destroyer-12.png', 'destroyershield-06.png', 'wreck_shipmedium_3.png', 'wreck_shipmedium_3_elec.png', 'wreck_shipmedium_3_ember.png', 2000, 1, 0, 2, NULL, 2, 750, 4, '47;51;57', '[{"x":-8,"y":-20,"size":20,"sprite":"cannon_basic.png"},{"x":15,"y":-7,"size":20,"sprite":"cannon_basic.png"}]'),
(1212432, 1500, 2, 0, 50, 'explosionSmall_01.ogg', '[{"x":-24,"y":4,"color":0,"size":21,"tickmin":2500,"tickmax":5000},{"x":23,"y":4,"color":0,"size":21,"tickmin":2500,"tickmax":5000}]', 64, 64, 'shiplevel-25', 200, NULL, 'reactorSmall.ogg', '[{"x":-1,"y":24,"size":27,"type":0,"reactoralphaspeed":200}]', 180, 1, 1, 1000, 5, 0, 'destroyer-13.png', 'destroyershield-07.png', 'wreck_shipmedium_1.png', 'wreck_shipmedium_1_elec.png', 'wreck_shipmedium_1_ember.png', 2000, 1, 0, 2, NULL, 2, 750, 4, '47;51;57', '[{"x":-11,"y":-20,"size":20,"sprite":"cannon_basic.png"},{"x":11,"y":-20,"size":20,"sprite":"cannon_basic.png"}]'),
(1212433, 1500, 2, 0, 50, 'explosionSmall_01.ogg', '[{"x":-24,"y":4,"color":0,"size":21,"tickmin":2500,"tickmax":5000},{"x":23,"y":4,"color":0,"size":21,"tickmin":2500,"tickmax":5000}]', 64, 64, 'shiplevel-26', 200, NULL, 'reactorSmall.ogg', '[{"x":-1,"y":24,"size":27,"type":0,"reactoralphaspeed":200}]', 180, 1, 1, 1000, 5, 0, 'destroyer-14.png', 'destroyershield-07.png', 'wreck_shipmedium_1.png', 'wreck_shipmedium_1_elec.png', 'wreck_shipmedium_1_ember.png', 2000, 1, 0, 2, NULL, 2, 750, 4, '47;51;57', '[{"x":-11,"y":-20,"size":20,"sprite":"cannon_basic.png"},{"x":11,"y":-20,"size":20,"sprite":"cannon_basic.png"}]');

-- --------------------------------------------------------

--
-- Structure de la table `spaceumad_skill`
--

CREATE TABLE IF NOT EXISTS `spaceumad_skill` (
  `mIdSkill` int(11) NOT NULL AUTO_INCREMENT,
  `mDescription` varchar(255) DEFAULT NULL,
  `mName` varchar(255) DEFAULT NULL,
  `mSpriteId` varchar(255) DEFAULT NULL,
  PRIMARY KEY (`mIdSkill`)
) ENGINE=MyISAM  DEFAULT CHARSET=latin1 AUTO_INCREMENT=10 ;

--
-- Contenu de la table `spaceumad_skill`
--

INSERT INTO `spaceumad_skill` (`mIdSkill`, `mDescription`, `mName`, `mSpriteId`) VALUES
(1, 'skillFightingDescription', 'skillFightingName', '0-0'),
(2, 'skillDroneDescription', 'skillDroneName', '1-0'),
(3, 'skillSteeringDescription', 'skillSteeringName', '2-0'),
(4, 'skillMiningDescription', 'skillMiningName', '3-0'),
(5, 'skillCraftingDescription', 'skillCraftingName', '4-0'),
(6, 'skillAlchemyDescription', 'skillAlchemyName', '5-0'),
(7, 'skillBargainingDescription', 'skillBargainingName', '6-0'),
(8, 'skillSalvagingDescription', 'skillSalvagingName', '7-0'),
(9, 'skillConstructionDescription', 'skillConstructionName', '8-0');

-- --------------------------------------------------------

--
-- Structure de la table `spaceumad_user`
--

CREATE TABLE IF NOT EXISTS `spaceumad_user` (
  `mIdUser` int(11) NOT NULL AUTO_INCREMENT,
  `mAdmin` bit(1) NOT NULL,
  `mEmail` varchar(255) DEFAULT NULL,
  `mPassword` varchar(255) DEFAULT NULL,
  `mRegisterDate` datetime DEFAULT NULL,
  `mUsername` varchar(255) DEFAULT NULL,
  PRIMARY KEY (`mIdUser`)
) ENGINE=MyISAM  DEFAULT CHARSET=latin1 AUTO_INCREMENT=3 ;

--
-- Contenu de la table `spaceumad_user`
--

INSERT INTO `spaceumad_user` (`mIdUser`, `mAdmin`, `mEmail`, `mPassword`, `mRegisterDate`, `mUsername`) VALUES
(1, b'1', '92807@supinfo.com', 'c4278fa5c38518cf32b5799c9e66ed456908a31c', '2013-03-15 12:16:31', 'ikg'),
(2, b'0', 'watwat@watwat.ro', '7b754d59302ca2aaaa54dc6cd42a6e963d60d99c', '2013-09-03 14:30:25', 'watwat');

-- --------------------------------------------------------

--
-- Structure de la table `spaceumad_weaponmodel`
--

CREATE TABLE IF NOT EXISTS `spaceumad_weaponmodel` (
  `mIdItem` int(11) NOT NULL,
  `mAmmoMax` int(11) NOT NULL,
  `mAmmoTypeAllowed` varchar(255) DEFAULT NULL,
  `mDamageMultiplier` float NOT NULL,
  `mFireRate` float NOT NULL,
  `mRange` double NOT NULL,
  `mRangeAngle` double NOT NULL,
  `mReloadingSpeed` float NOT NULL,
  `mSoundReload` varchar(255) DEFAULT NULL,
  PRIMARY KEY (`mIdItem`),
  KEY `FKA334420F6000BFBD` (`mIdItem`)
) ENGINE=MyISAM DEFAULT CHARSET=latin1;

--
-- Contenu de la table `spaceumad_weaponmodel`
--

INSERT INTO `spaceumad_weaponmodel` (`mIdItem`, `mAmmoMax`, `mAmmoTypeAllowed`, `mDamageMultiplier`, `mFireRate`, `mRange`, `mRangeAngle`, `mReloadingSpeed`, `mSoundReload`) VALUES
(10, 40, '65', 4.62, 0.05, 805, 10, 1.7, 'weaponReloadKineticLaser.ogg'),
(11, 40, '65', 5.544, 0.05, 966, 10, 1.7, 'weaponReloadKineticLaser.ogg'),
(12, 20, '65', 6.403, 0.05, 1000, 10, 2.14, 'weaponReloadKineticLaser.ogg'),
(13, 20, '65', 7.684, 0.05, 1200, 10, 2.14, 'weaponReloadKineticLaser.ogg'),
(14, 40, '65', 5.742, 0.05, 966, 10, 1.62, 'weaponReloadKineticLaser.ogg'),
(15, 20, '65', 7.768, 0.05, 1200, 10, 2, 'weaponReloadKineticLaser.ogg'),
(16, 200, '65', 2.0625, 0.05, 800, 10, 0.6, 'weaponReloadKineticLaser.ogg'),
(17, 200, '65', 2.475, 0.05, 960, 10, 0.6, 'weaponReloadKineticLaser.ogg'),
(950272, 200, '65', 2.57895, 0.05, 960, 10, 0.6, 'weaponReloadKineticLaser.ogg'),
(950273, 160, '65', 2.475, 0.05, 900, 10, 0.68, 'weaponReloadKineticLaser.ogg'),
(950274, 160, '65', 2.97, 0.05, 1080, 10, 0.68, 'weaponReloadKineticLaser.ogg'),
(950275, 160, '65', 3.09375, 0.05, 1080, 10, 0.68, 'weaponReloadKineticLaser.ogg'),
(950276, 120, '65', 2.8875, 0.05, 1000, 10, 0.75, 'weaponReloadKineticLaser.ogg'),
(950277, 120, '65', 3.465, 0.05, 1200, 10, 0.75, 'weaponReloadKineticLaser.ogg'),
(950278, 120, '65', 3.6102, 0.05, 1200, 10, 0.75, 'weaponReloadKineticLaser.ogg'),
(983040, 40, '66', 4.62, 0.12, 1610, 10, 2.55, 'weaponReloadKineticLaser.ogg'),
(983041, 40, '66', 5.544, 0.12, 1932, 10, 2.55, 'weaponReloadKineticLaser.ogg'),
(983042, 40, '66', 5.544, 0.12, 1932, 10, 2.42, 'weaponReloadKineticLaser.ogg'),
(983043, 20, '66', 7.97, 0.12, 2000, 10, 4, 'weaponReloadKineticLaser.ogg'),
(983044, 20, '66', 9.56, 0.12, 2400, 10, 4, 'weaponReloadKineticLaser.ogg'),
(983045, 20, '66', 9.56, 0.12, 2400, 10, 4.75, 'weaponReloadKineticLaser.ogg'),
(983046, 160, '66', 2.31, 0.12, 1800, 10, 0.95, 'weaponReloadKineticLaser.ogg'),
(983047, 160, '66', 2.772, 0.12, 2160, 10, 0.95, 'weaponReloadKineticLaser.ogg'),
(983048, 160, '66', 2.8875, 0.12, 2160, 10, 0.88, 'weaponReloadKineticLaser.ogg'),
(983049, 120, '66', 2.8875, 0.12, 2000, 10, 1.12, 'weaponReloadKineticLaser.ogg'),
(983050, 120, '66', 3.465, 0.12, 2400, 10, 1.12, 'weaponReloadKineticLaser.ogg'),
(983051, 120, '66', 3.6102, 0.12, 2400, 10, 1, 'weaponReloadKineticLaser.ogg'),
(983052, 200, '66', 2.0625, 0.12, 1600, 10, 0.9, 'weaponReloadKineticLaser.ogg'),
(983053, 200, '66', 2.475, 0.12, 1920, 10, 0.9, 'weaponReloadKineticLaser.ogg'),
(983054, 200, '66', 2.57895, 0.12, 1920, 10, 0.9, 'weaponReloadKineticLaser.ogg'),
(983055, 40, '67', 5.082, 0.2, 3220, 10, 4.2, 'weaponReloadKineticLaser.ogg'),
(983056, 40, '67', 6.098, 0.2, 3864, 10, 4.21, 'weaponReloadKineticLaser.ogg'),
(983057, 40, '67', 6.098, 0.2, 3864, 10, 3.99, 'weaponReloadKineticLaser.ogg'),
(983058, 20, '67', 10.672, 0.2, 4000, 10, 8.03, 'weaponReloadKineticLaser.ogg'),
(983059, 20, '67', 12.807, 0.2, 4800, 10, 8.03, 'weaponReloadKineticLaser.ogg'),
(983060, 20, '67', 12.807, 0.2, 4800, 10, 7.63, 'weaponReloadKineticLaser.ogg'),
(983061, 40, '67', 6.708, 0.2, 3884, 10, 3.99, 'weaponReloadKineticLaser.ogg'),
(983062, 20, '67', 14.087, 0.2, 4800, 10, 7.63, 'weaponReloadKineticLaser.ogg'),
(983063, 120, '67', 2.695, 0.2, 1200, 10, 1.58, 'weaponReloadKineticLaser.ogg'),
(983064, 120, '67', 3.234, 0.2, 1440, 10, 1.58, 'weaponReloadKineticLaser.ogg'),
(983065, 120, '67', 3.369, 0.2, 1440, 10, 1.58, 'weaponReloadKineticLaser.ogg'),
(983066, 120, '67', 4.0425, 0.2, 1440, 10, 1.58, 'weaponReloadKineticLaser.ogg'),
(983067, 200, '67', 2.0625, 0.2, 960, 10, 1.35, 'weaponReloadKineticLaser.ogg'),
(983068, 200, '67', 2.475, 0.2, 1152, 10, 1.35, 'weaponReloadKineticLaser.ogg'),
(983069, 200, '67', 2.57895, 0.2, 1152, 10, 1.35, 'weaponReloadKineticLaser.ogg'),
(983070, 200, '67', 3.09375, 0.2, 1152, 10, 1.23, 'weaponReloadKineticLaser.ogg'),
(983071, 160, '67', 2.444, 0.2, 1080, 10, 1.5, 'weaponReloadKineticLaser.ogg'),
(983072, 160, '67', 2.933, 0.2, 1296, 10, 1.5, 'weaponReloadKineticLaser.ogg'),
(983073, 160, '67', 3.055, 0.2, 1296, 10, 1.5, 'weaponReloadKineticLaser.ogg'),
(983074, 160, '67', 3.666, 0.2, 1296, 10, 1.46, 'weaponReloadKineticLaser.ogg'),
(1015808, 40, '68', 12.75, 0.3, 7200, 10, 7.01, 'weaponReloadKineticLaser.ogg'),
(1015809, 40, '68', 14.024, 0.3, 7920, 10, 7.01, 'weaponReloadKineticLaser.ogg'),
(1015810, 80, '68', 5.8, 0.3, 2500, 10, 1.89, 'weaponReloadKineticLaser.ogg'),
(1015811, 80, '68', 6.38, 0.3, 2750, 10, 1.89, 'weaponReloadKineticLaser.ogg'),
(1048588, 40, '69', 3.63, 0.15, 1560, 10, 0.76, 'weaponReloadKineticLaser.ogg'),
(1048587, 40, '69', 3.63, 0.15, 1440, 10, 0.8, 'weaponReloadKineticLaser.ogg'),
(1048586, 40, '69', 3.025, 0.15, 1200, 10, 0.8, 'weaponReloadKineticLaser.ogg'),
(1048585, 80, '69', 2.64, 0.15, 1170, 10, 0.6, 'weaponReloadKineticLaser.ogg'),
(1048583, 80, '69', 2.2, 0.15, 900, 10, 0.6, 'weaponReloadKineticLaser.ogg'),
(1048584, 80, '69', 2.64, 0.15, 1080, 10, 0.6, 'weaponReloadKineticLaser.ogg'),
(1048589, 200, '69', 1.65, 0.15, 600, 10, 0.6, 'weaponReloadKineticLaser.ogg'),
(1048590, 200, '69', 1.98, 0.15, 720, 10, 0.6, 'weaponReloadKineticLaser.ogg'),
(1048591, 200, '69', 1.98, 0.15, 780, 10, 0.56, 'weaponReloadKineticLaser.ogg'),
(1048592, 200, '69', 1.8375, 0.15, 1000, 10, 0.4, 'weaponReloadKineticLaser.ogg'),
(1048593, 200, '69', 2.205, 0.15, 1200, 10, 0.4, 'weaponReloadKineticLaser.ogg'),
(1048594, 200, '69', 2.205, 0.15, 1200, 10, 0.4, 'weaponReloadKineticLaser.ogg'),
(1048595, 120, '69', 2.953, 0.15, 1250, 10, 0.6, 'weaponReloadKineticLaser.ogg'),
(1048596, 120, '69', 3.543, 0.15, 1500, 10, 0.6, 'weaponReloadKineticLaser.ogg'),
(1048597, 120, '69', 3.543, 0.15, 1500, 10, 0.56, 'weaponReloadKineticLaser.ogg'),
(1048598, 80, '69', 3.675, 0.15, 1500, 10, 0.8, 'weaponReloadKineticLaser.ogg'),
(1048599, 80, '69', 4.41, 0.15, 1800, 10, 0.8, 'weaponReloadKineticLaser.ogg'),
(1048600, 80, '69', 4.41, 0.15, 1800, 10, 0.74, 'weaponReloadKineticLaser.ogg'),
(1048601, 80, '70', 2.2, 0.25, 1800, 10, 1, 'weaponReloadKineticLaser.ogg'),
(1048602, 80, '70', 2.79, 0.25, 2160, 10, 1, 'weaponReloadKineticLaser.ogg'),
(1048603, 80, '70', 2.79, 0.25, 2340, 10, 0.92, 'weaponReloadKineticLaser.ogg'),
(1048604, 40, '70', 3.025, 0.25, 2400, 10, 1.5, 'weaponReloadKineticLaser.ogg'),
(1048605, 40, '70', 3.63, 0.25, 2880, 10, 1.2, 'weaponReloadKineticLaser.ogg'),
(1048606, 40, '70', 3.79, 0.25, 3120, 10, 1.2, 'weaponReloadKineticLaser.ogg'),
(1048607, 160, '70', 1.65, 0.25, 1200, 10, 0.8, 'weaponReloadKineticLaser.ogg'),
(1048608, 160, '70', 2.06, 0.25, 1440, 10, 0.8, 'weaponReloadKineticLaser.ogg'),
(1048609, 160, '70', 2.06, 0.25, 1560, 10, 0.74, 'weaponReloadKineticLaser.ogg'),
(1048610, 200, '70', 1.8375, 0.25, 2000, 10, 0.6, 'weaponReloadKineticLaser.ogg'),
(1048611, 200, '70', 2.205, 0.25, 2400, 10, 0.6, 'weaponReloadKineticLaser.ogg'),
(1048612, 200, '70', 2.205, 0.25, 2400, 10, 0.56, 'weaponReloadKineticLaser.ogg'),
(1048613, 120, '70', 2.95313, 0.25, 2500, 10, 1, 'weaponReloadKineticLaser.ogg'),
(1048614, 120, '70', 3.54375, 0.25, 3000, 10, 1, 'weaponReloadKineticLaser.ogg'),
(1048615, 120, '70', 3.54375, 0.25, 3000, 10, 0.9, 'weaponReloadKineticLaser.ogg'),
(1048616, 80, '70', 3.675, 0.25, 3000, 10, 1, 'weaponReloadKineticLaser.ogg'),
(1048617, 80, '70', 4.41, 0.25, 3600, 10, 1, 'weaponReloadKineticLaser.ogg'),
(1048618, 80, '70', 4.41, 0.25, 3600, 10, 0.9, 'weaponReloadKineticLaser.ogg'),
(1081344, 80, '71', 2.2, 0.35, 3600, 10, 1.4, 'weaponReloadKineticLaser.ogg'),
(1081345, 80, '71', 2.64, 0.35, 4320, 10, 1.4, 'weaponReloadKineticLaser.ogg'),
(1081346, 80, '71', 2.64, 0.35, 4680, 10, 1.32, 'weaponReloadKineticLaser.ogg'),
(1081347, 80, '71', 3.025, 0.35, 4320, 10, 1.32, 'weaponReloadKineticLaser.ogg'),
(1081348, 40, '71', 3.025, 0.35, 4800, 10, 2, 'weaponReloadKineticLaser.ogg'),
(1081349, 40, '71', 3.63, 0.35, 5760, 10, 2, 'weaponReloadKineticLaser.ogg'),
(1081350, 40, '71', 3.63, 0.35, 6240, 10, 2, 'weaponReloadKineticLaser.ogg'),
(1081351, 40, '71', 4.15938, 0.35, 5760, 10, 2, 'weaponReloadKineticLaser.ogg'),
(1081352, 160, '71', 1.65, 0.35, 240, 10, 1.2, 'weaponReloadKineticLaser.ogg'),
(1081353, 160, '71', 1.98, 0.35, 2880, 10, 1.2, 'weaponReloadKineticLaser.ogg'),
(1081354, 160, '71', 1.98, 0.35, 3120, 10, 1.2, 'weaponReloadKineticLaser.ogg'),
(1081355, 160, '71', 2.26875, 0.35, 2880, 10, 1.2, 'weaponReloadKineticLaser.ogg'),
(1081356, 200, '71', 1.8375, 0.35, 4000, 10, 1, 'weaponReloadKineticLaser.ogg'),
(1081357, 200, '71', 2.205, 0.35, 4800, 10, 1, 'weaponReloadKineticLaser.ogg'),
(1081358, 200, '71', 2.2968, 0.35, 4200, 10, 1, 'weaponReloadKineticLaser.ogg'),
(1081359, 200, '71', 2.7562, 0.35, 4200, 10, 1, 'weaponReloadKineticLaser.ogg'),
(1081360, 120, '71', 2.95313, 0.35, 1500, 10, 1.4, 'weaponReloadKineticLaser.ogg'),
(1081361, 120, '71', 3.5437, 0.35, 1800, 10, 1.4, 'weaponReloadKineticLaser.ogg'),
(1081362, 120, '71', 3.5437, 0.35, 1800, 10, 1.4, 'weaponReloadKineticLaser.ogg'),
(1081363, 120, '71', 4.42968, 0.35, 1575, 10, 1.4, 'weaponReloadKineticLaser.ogg'),
(1081364, 80, '71', 3.675, 0.35, 1800, 10, 1.6, 'weaponReloadKineticLaser.ogg'),
(1081365, 80, '71', 4.41, 0.35, 2160, 10, 1.6, 'weaponReloadKineticLaser.ogg'),
(1081366, 80, '71', 4.41, 0.35, 2160, 10, 1.6, 'weaponReloadKineticLaser.ogg'),
(1081367, 80, '71', 5.512, 0.35, 1890, 10, 1.6, 'weaponReloadKineticLaser.ogg'),
(1114112, 40, '72', 5.8, 0.45, 9600, 10, 2.87, 'weaponReloadKineticLaser.ogg'),
(1114113, 40, '72', 6.38, 0.45, 10560, 10, 2.87, 'weaponReloadKineticLaser.ogg'),
(1114114, 80, '72', 7.92, 0.45, 4000, 10, 2.13, 'weaponReloadKineticLaser.ogg'),
(1114115, 80, '72', 8.712, 0.45, 4600, 10, 2.13, 'weaponReloadKineticLaser.ogg'),
(1114116, 120, '73', 1, 0.75, 99999, 11.25, 3, 'weaponReloadMissile.ogg'),
(1114117, 160, '73', 1, 0.6, 99999, 11.25, 2.4, 'weaponReloadMissile.ogg'),
(1114118, 180, '73', 1, 0.55, 99999, 11.25, 2.2, 'weaponReloadMissile.ogg'),
(1114119, 60, '74', 1, 0.6, 99999, 11.25, 2.4, 'weaponReloadMissile.ogg'),
(1114120, 80, '74', 1, 0.25, 99999, 11.25, 2, 'weaponReloadMissile.ogg'),
(1114121, 90, '74', 1, 0.4, 99999, 11.25, 1.6, 'weaponReloadMissile.ogg'),
(1114122, 60, '75', 1, 0.75, 99999, 11.25, 3, 'weaponReloadMissile.ogg'),
(1114123, 80, '75', 1, 0.6, 99999, 11.25, 2.4, 'weaponReloadMissile.ogg'),
(1114124, 90, '75', 1, 0.55, 99999, 11.25, 2.2, 'weaponReloadMissile.ogg'),
(1114125, 90, '76', 1, 2.2, 99999, 11.25, 8.8, 'weaponReloadMissile.ogg'),
(1114126, 100, '76', 1, 1.98, 99999, 11.25, 7.92, 'weaponReloadMissile.ogg');
